SIREN,2017,2018,2020,2022,speed_2018,speed_2020,speed_2022,speed_2018_category,speed_2020_category,speed_2022_category
241300417,1.0,10.0,33.0,56.0,,,,Not Available,Not Available,Not Available
242900314,1.0,5.0,215.0,204.0,-0.5,5.515151515151516,2.642857142857143,Down-Slopper,Long-Runner,Long-Runner
243300316,1.0,225.0,260.0,467.0,44.0,0.20930232558139528,1.2892156862745097,Long-Runner,Long-Runner,Long-Runner
245400676,1.0,48.0,51.0,18.0,-0.7866666666666666,-0.8038461538461539,-0.961456102783726,Down-Slopper,Down-Slopper,Down-Slopper
214000564,1.0,100.0,121.0,106.0,1.0833333333333335,1.3725490196078431,4.888888888888889,Long-Runner,Long-Runner,Long-Runner
213303662,1.0,1.0,1.0,1.0,-0.99,-0.9917355371900827,-0.9905660377358491,Down-Slopper,Down-Slopper,Down-Slopper
226000016,1.0,176.0,179.0,179.0,175.0,178.0,178.0,Long-Runner,Long-Runner,Long-Runner
225005024,1.0,78.0,85.0,85.0,-0.5568181818181819,-0.5251396648044693,-0.5251396648044693,Down-Slopper,Down-Slopper,Down-Slopper
224100016,1.0,69.0,69.0,76.0,-0.11538461538461542,-0.18823529411764706,-0.10588235294117643,Down-Slopper,Down-Slopper,Down-Slopper
227100013,1.0,424.0,77.0,132.0,5.144927536231884,0.11594202898550732,0.736842105263158,Long-Runner,Long-Runner,Long-Runner
221500010,1.0,10.0,5.0,5.0,-0.9764150943396226,-0.935064935064935,-0.9621212121212122,Down-Slopper,Down-Slopper,Down-Slopper
200053759,1.0,2.0,2.0,10.0,-0.8,-0.6,1.0,Down-Slopper,Down-Slopper,Long-Runner
200053742,1.0,168.0,334.0,488.0,83.0,166.0,47.8,Long-Runner,Long-Runner,Long-Runner
217701317,1.0,26.0,26.0,26.0,-0.8452380952380952,-0.9221556886227544,-0.9467213114754098,Down-Slopper,Down-Slopper,Down-Slopper
200046977,1.0,1714.0,1148.0,1351.0,64.92307692307692,43.15384615384615,50.96153846153846,Long-Runner,Long-Runner,Long-Runner
219400587,1.0,2.0,2.0,2.0,-0.9988331388564761,-0.9982578397212544,-0.9985196150999259,Down-Slopper,Down-Slopper,Down-Slopper
219300456,1.0,7.0,71.0,31.0,2.5,34.5,14.5,Long-Runner,Long-Runner,Long-Runner
219103454,1.0,13.0,13.0,13.0,0.8571428571428572,-0.8169014084507042,-0.5806451612903225,Long-Runner,Down-Slopper,Down-Slopper
217500016,1.0,684.0,727.0,846.0,51.61538461538461,54.92307692307692,64.07692307692308,Long-Runner,Long-Runner,Long-Runner
213105554,1.0,203.0,262.0,287.0,-0.7032163742690059,-0.6396148555708391,-0.6607565011820331,Down-Slopper,Down-Slopper,Down-Slopper
200054807,1.0,11.0,17.0,63.0,-0.9458128078817734,-0.9351145038167938,-0.7804878048780488,Down-Slopper,Down-Slopper,Down-Slopper
244400404,1.0,192.0,278.0,380.0,16.454545454545453,15.352941176470587,5.031746031746032,Long-Runner,Long-Runner,Long-Runner
234400034,1.0,358.0,371.0,457.0,0.8645833333333333,0.33453237410071934,0.2026315789473685,Long-Runner,Long-Runner,Long-Runner
237500079,1.0,1381.0,1164.0,1292.0,2.857541899441341,2.137466307277628,1.8271334792122538,Long-Runner,Long-Runner,Long-Runner
231300021,1.0,134.0,137.0,217.0,-0.9029688631426502,-0.8823024054982818,-0.8320433436532508,Down-Slopper,Down-Slopper,Down-Slopper
243500139,1.0,137.0,173.0,202.0,0.02238805970149249,0.2627737226277371,-0.06912442396313367,Long-Runner,Long-Runner,Down-Slopper
219400686,1.0,1.0,1.0,1.0,-0.9927007299270073,-0.9942196531791907,-0.995049504950495,Down-Slopper,Down-Slopper,Down-Slopper
210206660,1.0,92.0,100.0,32.0,91.0,99.0,31.0,Long-Runner,Long-Runner,Long-Runner
212405203,1.0,12.0,12.0,12.0,-0.8695652173913043,-0.88,-0.625,Down-Slopper,Down-Slopper,Down-Slopper
243100518,1.0,421.0,691.0,897.0,34.083333333333336,56.583333333333336,73.75,Long-Runner,Long-Runner,Long-Runner
211300017,1.0,3.0,3.0,2.0,-0.9928741092636579,-0.9956584659913169,-0.9977703455964325,Down-Slopper,Down-Slopper,Down-Slopper
219200409,1.0,347.0,375.0,486.0,114.66666666666667,124.0,242.0,Long-Runner,Long-Runner,Long-Runner
211300553,1.0,129.0,35.0,96.0,-0.6282420749279538,-0.9066666666666666,-0.8024691358024691,Down-Slopper,Down-Slopper,Down-Slopper
214401093,1.0,158.0,294.0,444.0,0.22480620155038755,7.4,3.625,Long-Runner,Long-Runner,Long-Runner
213502388,1.0,161.0,185.0,192.0,0.018987341772152,-0.37074829931972786,-0.5675675675675675,Long-Runner,Down-Slopper,Down-Slopper
219300779,1.0,10.0,10.0,10.0,-0.937888198757764,-0.9459459459459459,-0.9479166666666666,Down-Slopper,Down-Slopper,Down-Slopper
232000018,1.0,212.0,621.0,195.0,20.2,61.1,18.5,Long-Runner,Long-Runner,Long-Runner
212703755,1.0,3.0,3.0,3.0,-0.9858490566037735,-0.9951690821256038,-0.9846153846153847,Down-Slopper,Down-Slopper,Down-Slopper
244900015,1.0,129.0,151.0,169.0,42.0,49.333333333333336,55.333333333333336,Long-Runner,Long-Runner,Long-Runner
212500565,1.0,1.0,20.0,42.0,-0.9922480620155039,-0.8675496688741722,-0.7514792899408285,Down-Slopper,Down-Slopper,Down-Slopper
212001630,1.0,12.0,12.0,12.0,11.0,-0.4,-0.7142857142857143,Long-Runner,Down-Slopper,Down-Slopper
213502883,1.0,50.0,103.0,102.0,3.166666666666667,7.583333333333334,7.5,Long-Runner,Long-Runner,Long-Runner
200039865,1.0,53.0,54.0,56.0,0.06000000000000005,-0.47572815533980584,-0.4509803921568627,Long-Runner,Down-Slopper,Down-Slopper
219200227,1.0,11.0,11.0,8.0,-0.7924528301886793,-0.7962962962962963,-0.8571428571428572,Down-Slopper,Down-Slopper,Down-Slopper
200057974,1.0,81.0,214.0,249.0,6.363636363636363,18.454545454545453,30.125,Long-Runner,Long-Runner,Long-Runner
229200506,1.0,285.0,287.0,397.0,2.5185185185185186,0.3411214953271029,0.5943775100401607,Long-Runner,Long-Runner,Long-Runner
229300082,1.0,621.0,529.0,424.0,1.1789473684210527,0.8432055749128919,0.06801007556675054,Long-Runner,Long-Runner,Long-Runner
219200755,1.0,14.0,15.0,6.0,-0.9774557165861514,-0.9716446124763705,-0.9858490566037735,Down-Slopper,Down-Slopper,Down-Slopper
219200771,1.0,14.0,17.0,38.0,0.0,0.1333333333333333,5.333333333333333,One-Shot,Long-Runner,Long-Runner
243500782,1.0,6.0,31.0,36.0,-0.5714285714285714,0.8235294117647058,-0.052631578947368474,Down-Slopper,Long-Runner,Down-Slopper
219200722,1.0,20.0,33.0,28.0,2.3333333333333335,0.06451612903225801,-0.2222222222222222,Long-Runner,Long-Runner,Down-Slopper
218708501,1.0,2.0,3.0,2.0,-0.9,-0.9090909090909091,-0.9285714285714286,Down-Slopper,Down-Slopper,Down-Slopper
222200016,1.0,228.0,261.0,295.0,113.0,86.0,146.5,Long-Runner,Long-Runner,Long-Runner
219400520,1.0,3.0,8.0,8.0,-0.9868421052631579,-0.9693486590038314,-0.9728813559322034,Down-Slopper,Down-Slopper,Down-Slopper
219200482,1.0,179.0,200.0,46.0,58.666666666666664,24.0,4.75,Long-Runner,Long-Runner,Long-Runner
219200128,1.0,34.0,36.0,44.0,-0.8100558659217877,-0.8200000000000001,-0.04347826086956519,Down-Slopper,Down-Slopper,Down-Slopper
200069854,1.0,235.0,304.0,439.0,5.911764705882353,7.444444444444445,8.977272727272727,Long-Runner,Long-Runner,Long-Runner
219200474,1.0,9.0,9.0,9.0,-0.9617021276595745,-0.9703947368421053,-0.979498861047836,Down-Slopper,Down-Slopper,Down-Slopper
200013704,1.0,2.0,2.0,2.0,-0.7777777777777778,-0.7777777777777778,-0.7777777777777778,Down-Slopper,Down-Slopper,Down-Slopper
242010056,1.0,119.0,123.0,123.0,58.5,60.5,60.5,Long-Runner,Long-Runner,Long-Runner
233500016,1.0,98.0,298.0,538.0,-0.17647058823529416,1.4227642276422765,3.3739837398373984,Down-Slopper,Long-Runner,Long-Runner
200042174,1.0,119.0,109.0,137.0,0.2142857142857142,-0.6342281879194631,-0.7453531598513011,Long-Runner,Down-Slopper,Down-Slopper
200052264,1.0,44.0,66.0,570.0,-0.6302521008403361,-0.39449541284403666,3.1605839416058394,Down-Slopper,Down-Slopper,Long-Runner
200053403,1.0,49.0,31.0,29.0,0.11363636363636354,-0.5303030303030303,-0.9491228070175438,Long-Runner,Down-Slopper,Down-Slopper
210102521,1.0,5.0,5.0,5.0,-0.8979591836734694,-0.8387096774193549,-0.8275862068965517,Down-Slopper,Down-Slopper,Down-Slopper
241700640,1.0,15.0,16.0,16.0,2.0,2.2,2.2,Long-Runner,Long-Runner,Long-Runner
215500299,1.0,27.0,32.0,37.0,0.8,1.0,1.3125,Long-Runner,Long-Runner,Long-Runner
200033025,1.0,37.0,57.0,66.0,0.37037037037037046,0.78125,0.7837837837837838,Long-Runner,Long-Runner,Long-Runner
200013746,1.0,12.0,18.0,18.0,-0.6756756756756757,-0.6842105263157895,-0.7272727272727273,Down-Slopper,Down-Slopper,Down-Slopper
223200015,1.0,46.0,38.0,42.0,2.8333333333333335,1.1111111111111112,1.3333333333333335,Long-Runner,Long-Runner,Long-Runner
200040715,1.0,14.0,28.0,55.0,-0.6956521739130435,-0.26315789473684215,0.30952380952380953,Down-Slopper,Down-Slopper,Long-Runner
211403662,1.0,1.0,13.0,13.0,-0.9285714285714286,-0.5357142857142857,-0.7636363636363637,Down-Slopper,Down-Slopper,Down-Slopper
224500017,1.0,223.0,224.0,77.0,222.0,16.23076923076923,4.923076923076923,Long-Runner,Long-Runner,Long-Runner
243500667,1.0,56.0,41.0,0.0,-0.7488789237668161,-0.8169642857142857,-1.0,Down-Slopper,Down-Slopper,Down-Slopper
244500468,1.0,43.0,212.0,329.0,-0.2321428571428571,4.170731707317073,inf,Down-Slopper,Long-Runner,Long-Runner
211202023,1.0,6.0,14.0,7.0,-0.8604651162790697,-0.9339622641509434,-0.9787234042553191,Down-Slopper,Down-Slopper,Down-Slopper
200073344,1.0,1.0,1.0,1.0,-0.8333333333333334,-0.9285714285714286,-0.8571428571428572,Down-Slopper,Down-Slopper,Down-Slopper
223100017,1.0,112.0,195.0,456.0,111.0,194.0,455.0,Long-Runner,Long-Runner,Long-Runner
200053726,1.0,20.0,48.0,73.0,-0.8214285714285714,-0.7538461538461538,-0.8399122807017544,Down-Slopper,Down-Slopper,Down-Slopper
200034957,1.0,1.0,1.0,1.0,-0.95,-0.9791666666666666,-0.9863013698630136,Down-Slopper,Down-Slopper,Down-Slopper
212201875,1.0,12.0,12.0,12.0,11.0,11.0,11.0,Long-Runner,Long-Runner,Long-Runner
220100010,1.0,42.0,51.0,262.0,2.5,3.25,20.833333333333332,Long-Runner,Long-Runner,Long-Runner
243100633,1.0,54.0,71.0,104.0,0.2857142857142858,0.392156862745098,-0.6030534351145038,Long-Runner,Long-Runner,Down-Slopper
216000562,1.0,1.0,1.0,3.0,-0.9814814814814815,-0.9859154929577465,-0.9711538461538461,Down-Slopper,Down-Slopper,Down-Slopper
212201719,1.0,4.0,4.0,4.0,3.0,3.0,0.33333333333333326,Long-Runner,Long-Runner,Long-Runner
200023737,1.0,20.0,23.0,23.0,4.0,4.75,4.75,Long-Runner,Long-Runner,Long-Runner
222800013,1.0,31.0,58.0,69.0,0.55,1.5217391304347827,2.0,Long-Runner,Long-Runner,Long-Runner
245900410,1.0,295.0,389.0,437.0,8.516129032258064,5.706896551724138,5.333333333333333,Long-Runner,Long-Runner,Long-Runner
213101579,1.0,1.0,1.0,0.0,-0.9966101694915255,-0.9974293059125964,-1.0,Down-Slopper,Down-Slopper,Down-Slopper
211100763,1.0,24.0,12.0,13.0,23.0,11.0,inf,Long-Runner,Long-Runner,Long-Runner
216401026,1.0,35.0,52.0,124.0,0.45833333333333326,3.333333333333333,8.538461538461538,Long-Runner,Long-Runner,Long-Runner
212902209,1.0,1.0,2.0,2.0,-0.9714285714285714,-0.9615384615384616,-0.9838709677419355,Down-Slopper,Down-Slopper,Down-Slopper
218300986,1.0,1.0,1.0,1.0,0.0,-0.5,-0.5,One-Shot,Down-Slopper,Down-Slopper
200059228,1.0,2.0,25.0,48.0,1.0,24.0,47.0,Long-Runner,Long-Runner,Long-Runner
242500361,1.0,12.0,80.0,63.0,5.0,2.2,0.3125,Long-Runner,Long-Runner,Long-Runner
228000014,1.0,1.0,1.0,1.0,-0.9166666666666666,-0.9875,-0.9841269841269842,Down-Slopper,Down-Slopper,Down-Slopper
225800010,1.0,4.0,40.0,109.0,3.0,39.0,108.0,Long-Runner,Long-Runner,Long-Runner
215901521,1.0,1.0,4.0,6.0,-0.75,-0.9,-0.944954128440367,Down-Slopper,Down-Slopper,Down-Slopper
245804406,1.0,12.0,10.0,19.0,11.0,1.5,2.1666666666666665,Long-Runner,Long-Runner,Long-Runner
215801945,1.0,22.0,23.0,29.0,0.8333333333333333,1.2999999999999998,0.5263157894736843,Long-Runner,Long-Runner,Long-Runner
200065928,1.0,15.0,17.0,18.0,-0.31818181818181823,-0.26086956521739135,-0.3793103448275862,Down-Slopper,Down-Slopper,Down-Slopper
219506805,1.0,1.0,3.0,3.0,-0.9333333333333333,-0.8235294117647058,-0.8333333333333334,Down-Slopper,Down-Slopper,Down-Slopper
243500741,1.0,1.0,8.0,8.0,0.0,1.6666666666666665,1.6666666666666665,One-Shot,Long-Runner,Long-Runner
214700312,1.0,14.0,11.0,14.0,13.0,0.375,0.75,Long-Runner,Long-Runner,Long-Runner
246200729,1.0,1.0,2.0,3.0,-0.9285714285714286,-0.8181818181818181,-0.7857142857142857,Down-Slopper,Down-Slopper,Down-Slopper
200030195,1.0,264.0,317.0,337.0,263.0,157.5,111.33333333333333,Long-Runner,Long-Runner,Long-Runner
221700016,1.0,1.0,1.0,2.0,-0.9962121212121212,-0.9968454258675079,-0.9940652818991098,Down-Slopper,Down-Slopper,Down-Slopper
227900016,1.0,1.0,1.0,1.0,0.0,0.0,-0.5,One-Shot,One-Shot,Down-Slopper
211200563,1.0,1.0,1.0,1.0,0.0,0.0,0.0,One-Shot,One-Shot,One-Shot
247600596,1.0,59.0,206.0,208.0,58.0,205.0,207.0,Long-Runner,Long-Runner,Long-Runner
228600011,1.0,1.0,1.0,1.0,-0.9830508474576272,-0.9951456310679612,-0.9951923076923077,Down-Slopper,Down-Slopper,Down-Slopper
200044618,1.0,2.0,2.0,2.0,1.0,1.0,1.0,Long-Runner,Long-Runner,Long-Runner
246700488,1.0,76.0,75.0,82.0,37.0,36.5,40.0,Long-Runner,Long-Runner,Long-Runner
215600982,1.0,5.0,10.0,19.0,-0.9342105263157895,-0.8666666666666667,-0.7682926829268293,Down-Slopper,Down-Slopper,Down-Slopper
227300019,1.0,1.0,5.0,11.0,-0.8,-0.5,-0.42105263157894735,Down-Slopper,Down-Slopper,Down-Slopper
241400415,1.0,84.0,94.0,99.0,83.0,17.8,8.0,Long-Runner,Long-Runner,Long-Runner
215600016,1.0,1.0,1.0,1.0,-0.9880952380952381,-0.9893617021276596,-0.98989898989899,Down-Slopper,Down-Slopper,Down-Slopper
213500135,1.0,1.0,8.0,8.0,0.0,7.0,7.0,One-Shot,Long-Runner,Long-Runner
213502362,1.0,2.0,4.0,4.0,1.0,-0.5,-0.5,Long-Runner,Down-Slopper,Down-Slopper
214401283,1.0,1.0,1.0,1.0,-0.5,-0.75,-0.75,Down-Slopper,Down-Slopper,Down-Slopper
214401853,1.0,1.0,1.0,1.0,0.0,0.0,0.0,One-Shot,One-Shot,One-Shot
215403957,1.0,1.0,5.0,5.0,0.0,4.0,4.0,One-Shot,Long-Runner,Long-Runner
221000052,1.0,1.0,1.0,2.0,0.0,-0.8,-0.6,One-Shot,Down-Slopper,Down-Slopper
200034718,1.0,1.0,1.0,1.0,0.0,0.0,-0.5,One-Shot,One-Shot,Down-Slopper
217603513,1.0,85.0,218.0,222.0,84.0,217.0,221.0,Long-Runner,Long-Runner,Long-Runner
215601519,1.0,2.0,2.0,2.0,-0.9764705882352941,-0.9908256880733946,-0.990990990990991,Down-Slopper,Down-Slopper,Down-Slopper
200057859,1.0,1.0,1.0,1.0,-0.5,-0.5,-0.5,Down-Slopper,Down-Slopper,Down-Slopper
219200045,1.0,1.0,6.0,6.0,0.0,5.0,5.0,One-Shot,Long-Runner,Long-Runner
200066058,1.0,1.0,1.0,42.0,0.0,-0.8333333333333334,6.0,One-Shot,Down-Slopper,Long-Runner
212801344,1.0,1.0,1.0,1.0,0.0,0.0,-0.9761904761904762,One-Shot,One-Shot,Down-Slopper
220900013,1.0,1.0,1.0,1.0,0.0,0.0,0.0,One-Shot,One-Shot,One-Shot
212902399,1.0,1.0,3.0,3.0,0.0,2.0,2.0,One-Shot,Long-Runner,Long-Runner
214702011,1.0,1.0,1.0,1.0,0.0,-0.6666666666666667,-0.6666666666666667,One-Shot,Down-Slopper,Down-Slopper
226600013,1.0,1.0,12.0,14.0,0.0,11.0,13.0,One-Shot,Long-Runner,Long-Runner
224600015,1.0,1.0,4.0,9.0,0.0,-0.6666666666666667,-0.3571428571428571,One-Shot,Down-Slopper,Down-Slopper
200069409,1.0,26.0,3.0,33.0,25.0,-0.25,2.6666666666666665,Long-Runner,Down-Slopper,Long-Runner
200073419,1.0,1.0,103.0,94.0,-0.9615384615384616,33.333333333333336,1.8484848484848486,Down-Slopper,Long-Runner,Long-Runner
200071140,1.0,8.0,8.0,0.0,7.0,-0.9223300970873787,-1.0,Long-Runner,Down-Slopper,Down-Slopper
200068989,1.0,1.0,9.0,9.0,-0.875,0.125,inf,Down-Slopper,Long-Runner,Long-Runner
200066009,1.0,28.0,160.0,168.0,27.0,16.77777777777778,17.666666666666668,Long-Runner,Long-Runner,Long-Runner
245100029,1.0,18.0,160.0,168.0,-0.3571428571428571,0.0,0.0,Down-Slopper,One-Shot,One-Shot
247800584,1.0,44.0,78.0,65.0,1.4444444444444446,-0.5125,-0.6130952380952381,Long-Runner,Down-Slopper,Down-Slopper
200056232,1.0,51.0,61.0,0.0,0.15909090909090917,-0.21794871794871795,-1.0,Long-Runner,Down-Slopper,Down-Slopper
241700434,1.0,4.0,30.0,84.0,-0.9215686274509804,-0.5081967213114754,inf,Down-Slopper,Down-Slopper,Long-Runner
246401723,1.0,33.0,30.0,84.0,7.25,0.0,0.0,Long-Runner,One-Shot,One-Shot
200069425,1.0,11.0,11.0,0.0,-0.6666666666666667,-0.6333333333333333,-1.0,Down-Slopper,Down-Slopper,Down-Slopper
200067205,1.0,27.0,27.0,1.0,1.4545454545454546,1.4545454545454546,inf,Long-Runner,Long-Runner,Long-Runner
200010700,1.0,53.0,149.0,28.0,0.962962962962963,4.518518518518518,27.0,Long-Runner,Long-Runner,Long-Runner
200067437,1.0,1.0,3.0,9.0,-0.9811320754716981,-0.9798657718120806,-0.6785714285714286,Down-Slopper,Down-Slopper,Down-Slopper
200034700,1.0,2.0,8.0,31.0,1.0,1.6666666666666665,2.4444444444444446,Long-Runner,Long-Runner,Long-Runner
248500589,1.0,130.0,1.0,2.0,64.0,-0.875,-0.935483870967742,Long-Runner,Down-Slopper,Down-Slopper
200071199,1.0,1.0,1.0,0.0,-0.9923076923076923,0.0,-1.0,Down-Slopper,One-Shot,Down-Slopper
200072080,1.0,2.0,2.0,0.0,1.0,1.0,,Long-Runner,Long-Runner,Not Available
240300491,1.0,2.0,2.0,0.0,0.0,0.0,,One-Shot,One-Shot,Not Available
200072098,1.0,3.0,3.0,0.0,0.5,0.5,,Long-Runner,Long-Runner,Not Available
200066637,1.0,6.0,6.0,0.0,1.0,1.0,,Long-Runner,Long-Runner,Not Available
241501139,1.0,7.0,7.0,0.0,0.16666666666666674,0.16666666666666674,,Long-Runner,Long-Runner,Not Available
242900744,1.0,1.0,1.0,1.0,-0.8571428571428572,-0.8571428571428572,inf,Down-Slopper,Down-Slopper,Long-Runner
200069086,1.0,5.0,5.0,5.0,4.0,4.0,4.0,Long-Runner,Long-Runner,Long-Runner
248400236,1.0,5.0,31.0,34.0,0.0,5.2,5.8,One-Shot,Long-Runner,Long-Runner
226300010,1.0,26.0,24.0,23.0,4.2,-0.22580645161290325,-0.32352941176470584,Long-Runner,Down-Slopper,Down-Slopper
223700014,1.0,24.0,2.0,3.0,-0.07692307692307687,-0.9166666666666666,-0.8695652173913043,Down-Slopper,Down-Slopper,Down-Slopper
225700012,1.0,20.0,20.0,0.0,-0.16666666666666663,9.0,-1.0,Down-Slopper,Long-Runner,Down-Slopper
225400019,1.0,7.0,17.0,1.0,-0.65,-0.15000000000000002,inf,Down-Slopper,Down-Slopper,Long-Runner
223300013,1.0,90.0,164.0,84.0,11.857142857142858,8.647058823529411,83.0,Long-Runner,Long-Runner,Long-Runner
227605409,1.0,238.0,131.0,139.0,1.6444444444444444,-0.2012195121951219,0.6547619047619047,Long-Runner,Down-Slopper,Long-Runner
222702292,1.0,104.0,32.0,25.0,-0.5630252100840336,-0.7557251908396947,-0.8201438848920863,Down-Slopper,Down-Slopper,Down-Slopper
221401185,1.0,19.0,23.0,104.0,-0.8173076923076923,-0.28125,3.16,Down-Slopper,Down-Slopper,Long-Runner
220600019,1.0,1.0,48.0,58.0,-0.9473684210526316,1.0869565217391304,-0.4423076923076923,Down-Slopper,Long-Runner,Down-Slopper
228400016,1.0,1.0,21.0,34.0,0.0,-0.5625,-0.4137931034482759,One-Shot,Down-Slopper,Down-Slopper
228300018,1.0,1.0,9.0,8.0,0.0,-0.5714285714285714,-0.7647058823529411,One-Shot,Down-Slopper,Down-Slopper
220400014,1.0,4.0,34.0,94.0,3.0,2.7777777777777777,10.75,Long-Runner,Long-Runner,Long-Runner
220500011,1.0,7.0,116.0,122.0,0.75,2.411764705882353,0.2978723404255319,Long-Runner,Long-Runner,Long-Runner
224400028,1.0,209.0,517.0,541.0,28.857142857142858,3.456896551724138,3.4344262295081966,Long-Runner,Long-Runner,Long-Runner
224900019,1.0,84.0,176.0,251.0,-0.5980861244019139,-0.6595744680851063,-0.5360443622920518,Down-Slopper,Down-Slopper,Down-Slopper
227200029,1.0,37.0,1.0,67.0,-0.5595238095238095,-0.9943181818181818,-0.7330677290836654,Down-Slopper,Down-Slopper,Down-Slopper
213803828,1.0,3.0,20.0,20.0,-0.9189189189189189,19.0,-0.7014925373134329,Down-Slopper,Long-Runner,Down-Slopper
216902718,1.0,10.0,10.0,9.0,2.3333333333333335,-0.5,-0.55,Long-Runner,Down-Slopper,Down-Slopper
216901231,1.0,13.0,16.0,17.0,0.30000000000000004,0.6000000000000001,0.8888888888888888,Long-Runner,Long-Runner,Long-Runner
213801855,1.0,45.0,116.0,126.0,2.4615384615384617,6.25,6.411764705882353,Long-Runner,Long-Runner,Long-Runner
212203608,1.0,1.0,1.0,1.0,-0.9777777777777777,-0.9913793103448276,-0.9920634920634921,Down-Slopper,Down-Slopper,Down-Slopper
215600115,1.0,1.0,2.0,2.0,0.0,1.0,1.0,One-Shot,Long-Runner,Long-Runner
215600784,1.0,1.0,1.0,1.0,0.0,-0.5,-0.5,One-Shot,Down-Slopper,Down-Slopper
215601212,1.0,1.0,48.0,55.0,0.0,47.0,54.0,One-Shot,Long-Runner,Long-Runner
215602327,1.0,1.0,2.0,2.0,0.0,-0.9583333333333334,-0.9636363636363636,One-Shot,Down-Slopper,Down-Slopper
213500515,1.0,2.0,11.0,11.0,1.0,4.5,4.5,Long-Runner,Long-Runner,Long-Runner
212202048,1.0,3.0,5.0,7.0,0.5,-0.5454545454545454,-0.36363636363636365,Long-Runner,Down-Slopper,Down-Slopper
215602061,1.0,4.0,13.0,20.0,0.33333333333333326,1.6,1.8571428571428572,Long-Runner,Long-Runner,Long-Runner
213503642,1.0,5.0,6.0,6.0,0.25,-0.5384615384615384,-0.7,Long-Runner,Down-Slopper,Down-Slopper
212201131,1.0,6.0,7.0,7.0,0.19999999999999996,0.16666666666666674,0.16666666666666674,Long-Runner,Long-Runner,Long-Runner
213502818,1.0,7.0,11.0,11.0,0.16666666666666674,0.5714285714285714,0.5714285714285714,Long-Runner,Long-Runner,Long-Runner
212202782,1.0,8.0,9.0,11.0,0.1428571428571428,-0.18181818181818177,0.0,Long-Runner,Down-Slopper,One-Shot
212203897,1.0,8.0,8.0,8.0,0.0,-0.11111111111111116,-0.2727272727272727,One-Shot,Down-Slopper,Down-Slopper
212200703,1.0,11.0,11.0,10.0,0.375,0.375,0.25,Long-Runner,Long-Runner,Long-Runner
216802538,1.0,1.0,1.0,1.0,-0.9090909090909091,-0.9090909090909091,-0.9,Down-Slopper,Down-Slopper,Down-Slopper
216802710,1.0,3.0,3.0,3.0,2.0,2.0,2.0,Long-Runner,Long-Runner,Long-Runner
216803841,1.0,3.0,3.0,3.0,0.0,0.0,0.0,One-Shot,One-Shot,One-Shot
216802785,1.0,5.0,5.0,5.0,0.6666666666666667,0.6666666666666667,0.6666666666666667,Long-Runner,Long-Runner,Long-Runner
216803759,1.0,7.0,7.0,7.0,0.3999999999999999,0.3999999999999999,0.3999999999999999,Long-Runner,Long-Runner,Long-Runner
216802249,1.0,41.0,43.0,46.0,4.857142857142857,5.142857142857143,5.571428571428571,Long-Runner,Long-Runner,Long-Runner
215900176,1.0,2.0,2.0,1.0,-0.9512195121951219,-0.9534883720930233,-0.9782608695652174,Down-Slopper,Down-Slopper,Down-Slopper
215905993,1.0,2.0,1.0,19.0,0.0,-0.5,18.0,One-Shot,Down-Slopper,Long-Runner
215903501,1.0,3.0,28.0,303.0,0.5,27.0,14.947368421052632,Long-Runner,Long-Runner,Long-Runner
215900093,1.0,4.0,7.0,7.0,0.33333333333333326,-0.75,-0.976897689768977,Long-Runner,Down-Slopper,Down-Slopper
215901968,1.0,5.0,6.0,5.0,0.25,-0.1428571428571429,-0.2857142857142857,Long-Runner,Down-Slopper,Down-Slopper
215905126,1.0,38.0,231.0,261.0,6.6,37.5,51.2,Long-Runner,Long-Runner,Long-Runner
219200730,1.0,13.0,22.0,25.0,-0.6578947368421053,-0.9047619047619048,-0.9042145593869731,Down-Slopper,Down-Slopper,Down-Slopper
219200508,1.0,7.0,18.0,18.0,-0.46153846153846156,-0.18181818181818177,-0.28,Down-Slopper,Down-Slopper,Down-Slopper
219400280,1.0,264.0,18.0,18.0,36.714285714285715,0.0,0.0,Long-Runner,One-Shot,One-Shot
219400199,1.0,5.0,5.0,0.0,-0.9810606060606061,-0.7222222222222222,-1.0,Down-Slopper,Down-Slopper,Down-Slopper
213300635,1.0,79.0,62.0,85.0,14.8,11.4,inf,Long-Runner,Long-Runner,Long-Runner
218601946,1.0,43.0,44.0,56.0,-0.45569620253164556,-0.29032258064516125,-0.3411764705882353,Down-Slopper,Down-Slopper,Down-Slopper
211703004,1.0,300.0,738.0,454.0,5.976744186046512,15.772727272727273,7.107142857142858,Long-Runner,Long-Runner,Long-Runner
214700015,1.0,5.0,73.0,87.0,-0.9833333333333333,-0.9010840108401084,-0.8083700440528634,Down-Slopper,Down-Slopper,Down-Slopper
213101496,1.0,1.0,1.0,1.0,-0.8,-0.9863013698630136,-0.9885057471264368,Down-Slopper,Down-Slopper,Down-Slopper
213101843,1.0,1.0,1.0,1.0,0.0,0.0,0.0,One-Shot,One-Shot,One-Shot
213105414,1.0,1.0,1.0,1.0,0.0,0.0,0.0,One-Shot,One-Shot,One-Shot
213100225,1.0,4.0,4.0,4.0,3.0,3.0,3.0,Long-Runner,Long-Runner,Long-Runner
213100449,1.0,4.0,4.0,4.0,0.0,0.0,0.0,One-Shot,One-Shot,One-Shot
213401649,1.0,15.0,15.0,16.0,2.75,2.75,3.0,Long-Runner,Long-Runner,Long-Runner
213401797,1.0,15.0,18.0,20.0,0.0,0.19999999999999996,0.25,One-Shot,Long-Runner,Long-Runner
213402274,1.0,15.0,13.0,15.0,0.0,-0.2777777777777778,-0.25,One-Shot,Down-Slopper,Down-Slopper
213002371,1.0,18.0,16.0,17.0,0.19999999999999996,0.23076923076923084,0.1333333333333333,Long-Runner,Long-Runner,Long-Runner
213400278,1.0,18.0,19.0,19.0,0.0,0.1875,0.11764705882352944,One-Shot,Long-Runner,Long-Runner
213402563,1.0,20.0,19.0,20.0,0.11111111111111116,0.0,0.05263157894736836,Long-Runner,One-Shot,Long-Runner
213402951,1.0,21.0,20.0,20.0,0.050000000000000044,0.05263157894736836,0.0,Long-Runner,Long-Runner,One-Shot
213401235,1.0,22.0,29.0,27.0,0.04761904761904767,0.44999999999999996,0.3500000000000001,Long-Runner,Long-Runner,Long-Runner
213402498,1.0,22.0,21.0,23.0,0.0,-0.27586206896551724,-0.14814814814814814,One-Shot,Down-Slopper,Down-Slopper
213402597,1.0,22.0,21.0,20.0,0.0,0.0,-0.13043478260869568,One-Shot,One-Shot,Down-Slopper
213402704,1.0,22.0,23.0,21.0,0.0,0.09523809523809534,0.050000000000000044,One-Shot,Long-Runner,Long-Runner
213400229,1.0,23.0,26.0,23.0,0.045454545454545414,0.13043478260869557,0.09523809523809534,Long-Runner,Long-Runner,Long-Runner
213402175,1.0,23.0,25.0,22.0,0.0,-0.038461538461538436,-0.04347826086956519,One-Shot,Down-Slopper,Down-Slopper
213403074,1.0,23.0,21.0,21.0,0.0,-0.16000000000000003,-0.045454545454545414,One-Shot,Down-Slopper,Down-Slopper
213401698,1.0,24.0,23.0,22.0,0.04347826086956519,0.09523809523809534,0.04761904761904767,Long-Runner,Long-Runner,Long-Runner
213401169,1.0,25.0,23.0,25.0,0.04166666666666674,0.0,0.13636363636363646,Long-Runner,One-Shot,Long-Runner
213400872,1.0,26.0,23.0,21.0,0.040000000000000036,0.0,-0.16000000000000003,Long-Runner,One-Shot,Down-Slopper
213400955,1.0,27.0,28.0,27.0,0.03846153846153855,0.21739130434782616,0.2857142857142858,Long-Runner,Long-Runner,Long-Runner
213401201,1.0,27.0,26.0,23.0,0.0,-0.0714285714285714,-0.14814814814814814,One-Shot,Down-Slopper,Down-Slopper
213400583,1.0,28.0,26.0,23.0,0.03703703703703698,0.0,0.0,Long-Runner,One-Shot,One-Shot
213401292,1.0,29.0,28.0,27.0,0.03571428571428581,0.07692307692307687,0.17391304347826098,Long-Runner,Long-Runner,Long-Runner
213401987,1.0,29.0,28.0,25.0,0.0,0.0,-0.07407407407407407,One-Shot,One-Shot,Down-Slopper
213402027,1.0,29.0,27.0,24.0,0.0,-0.0357142857142857,-0.040000000000000036,One-Shot,Down-Slopper,Down-Slopper
213403272,1.0,29.0,27.0,24.0,0.0,0.0,0.0,One-Shot,One-Shot,One-Shot
213400906,1.0,30.0,29.0,28.0,0.034482758620689724,0.07407407407407418,0.16666666666666674,Long-Runner,Long-Runner,Long-Runner
213403371,1.0,30.0,29.0,26.0,0.0,0.0,-0.0714285714285714,One-Shot,One-Shot,Down-Slopper
213400575,1.0,32.0,32.0,30.0,0.06666666666666665,0.10344827586206895,0.15384615384615374,Long-Runner,Long-Runner,Long-Runner
213400880,1.0,32.0,29.0,27.0,0.0,-0.09375,-0.09999999999999998,One-Shot,Down-Slopper,Down-Slopper
213401342,1.0,33.0,31.0,28.0,0.03125,0.06896551724137923,0.03703703703703698,Long-Runner,Long-Runner,Long-Runner
213400773,1.0,36.0,36.0,32.0,0.09090909090909083,0.16129032258064524,0.1428571428571428,Long-Runner,Long-Runner,Long-Runner
213401722,1.0,118.0,105.0,88.0,2.2777777777777777,1.9166666666666665,1.75,Long-Runner,Long-Runner,Long-Runner
218902781,1.0,7.0,14.0,7.0,-0.940677966101695,-0.8666666666666667,-0.9204545454545454,Down-Slopper,Down-Slopper,Down-Slopper
210400701,1.0,75.0,100.0,208.0,9.714285714285714,6.142857142857143,28.714285714285715,Long-Runner,Long-Runner,Long-Runner
218400075,1.0,27.0,42.0,90.0,-0.64,-0.5800000000000001,-0.5673076923076923,Down-Slopper,Down-Slopper,Down-Slopper
211300058,1.0,1.0,42.0,90.0,-0.962962962962963,0.0,0.0,Down-Slopper,One-Shot,One-Shot
211300470,1.0,2.0,33.0,35.0,1.0,-0.2142857142857143,-0.6111111111111112,Long-Runner,Down-Slopper,Down-Slopper
210600045,1.0,38.0,107.0,310.0,18.0,2.242424242424242,7.857142857142858,Long-Runner,Long-Runner,Long-Runner
211300561,1.0,120.0,15.0,44.0,2.1578947368421053,-0.8598130841121495,-0.8580645161290322,Long-Runner,Down-Slopper,Down-Slopper
210600888,1.0,80.0,82.0,89.0,-0.33333333333333337,4.466666666666667,1.022727272727273,Down-Slopper,Long-Runner,Long-Runner
218500890,1.0,2.0,82.0,89.0,-0.975,0.0,0.0,Down-Slopper,One-Shot,One-Shot
214900540,1.0,3.0,3.0,0.0,0.5,-0.9634146341463414,-1.0,Long-Runner,Down-Slopper,Down-Slopper
214400400,1.0,4.0,4.0,4.0,0.33333333333333326,0.33333333333333326,inf,Long-Runner,Long-Runner,Long-Runner
214401200,1.0,4.0,4.0,4.0,0.0,0.0,0.0,One-Shot,One-Shot,One-Shot
214401143,1.0,7.0,18.0,20.0,0.75,3.5,4.0,Long-Runner,Long-Runner,Long-Runner
218501914,1.0,48.0,48.0,49.0,5.857142857142857,1.6666666666666665,1.4500000000000002,Long-Runner,Long-Runner,Long-Runner
214900078,1.0,39.0,45.0,74.0,-0.1875,-0.0625,0.510204081632653,Down-Slopper,Down-Slopper,Long-Runner
217201813,1.0,25.0,24.0,70.0,-0.3589743589743589,-0.4666666666666667,-0.05405405405405406,Down-Slopper,Down-Slopper,Down-Slopper
200053767,1.0,71.0,71.0,39.0,1.8399999999999999,1.9583333333333335,-0.44285714285714284,Long-Runner,Long-Runner,Down-Slopper
234500023,1.0,46.0,24.0,203.0,-0.352112676056338,-0.6619718309859155,4.205128205128205,Down-Slopper,Down-Slopper,Long-Runner
200058006,1.0,98.0,11.0,0.0,1.1304347826086958,-0.5416666666666667,-1.0,Long-Runner,Down-Slopper,Down-Slopper
243400017,1.0,98.0,136.0,170.0,0.0,11.363636363636363,inf,One-Shot,Long-Runner,Long-Runner
213500010,1.0,98.0,4.0,4.0,0.0,-0.9705882352941176,-0.9764705882352941,One-Shot,Down-Slopper,Down-Slopper
306966110,1.0,98.0,12.0,20.0,0.0,2.0,4.0,One-Shot,Long-Runner,Long-Runner
384452611,1.0,98.0,1.0,1.0,0.0,-0.9166666666666666,-0.95,One-Shot,Down-Slopper,Down-Slopper
776258261,1.0,98.0,3.0,0.0,0.0,2.0,-1.0,One-Shot,Long-Runner,Down-Slopper
392178570,1.0,98.0,14.0,14.0,0.0,3.666666666666667,inf,One-Shot,Long-Runner,Long-Runner
287500052,1.0,98.0,23.0,27.0,0.0,0.6428571428571428,0.9285714285714286,One-Shot,Long-Runner,Long-Runner
256404393,1.0,98.0,1.0,1.0,0.0,-0.9565217391304348,-0.962962962962963,One-Shot,Down-Slopper,Down-Slopper
216400085,1.0,98.0,2.0,2.0,0.0,1.0,1.0,One-Shot,Long-Runner,Long-Runner
210400016,1.0,98.0,4.0,4.0,0.0,1.0,1.0,One-Shot,Long-Runner,Long-Runner
216400135,1.0,98.0,2.0,2.0,0.0,-0.5,-0.5,One-Shot,Down-Slopper,Down-Slopper
216400143,1.0,98.0,2.0,2.0,0.0,0.0,0.0,One-Shot,One-Shot,One-Shot
404453110,1.0,98.0,29.0,46.0,0.0,13.5,22.0,One-Shot,Long-Runner,Long-Runner
323266205,1.0,98.0,38.0,68.0,0.0,0.31034482758620685,0.4782608695652173,One-Shot,Long-Runner,Long-Runner
214000010,1.0,98.0,1.0,1.0,0.0,-0.9736842105263158,-0.9852941176470589,One-Shot,Down-Slopper,Down-Slopper
316465236,1.0,98.0,174.0,470.0,0.0,173.0,469.0,One-Shot,Long-Runner,Long-Runner
217300086,1.0,98.0,1.0,1.0,0.0,-0.9942528735632183,-0.997872340425532,One-Shot,Down-Slopper,Down-Slopper
218100048,1.0,98.0,24.0,26.0,0.0,23.0,25.0,One-Shot,Long-Runner,Long-Runner
254003304,1.0,98.0,5.0,6.0,0.0,-0.7916666666666666,-0.7692307692307692,One-Shot,Down-Slopper,Down-Slopper
213000102,1.0,98.0,3.0,3.0,0.0,-0.4,-0.5,One-Shot,Down-Slopper,Down-Slopper
216400242,1.0,98.0,19.0,158.0,0.0,5.333333333333333,51.666666666666664,One-Shot,Long-Runner,Long-Runner
784237539,1.0,98.0,99.0,98.0,0.0,4.2105263157894735,-0.379746835443038,One-Shot,Long-Runner,Down-Slopper
305350795,1.0,98.0,4.0,5.0,0.0,-0.9595959595959596,-0.9489795918367347,One-Shot,Down-Slopper,Down-Slopper
451366611,1.0,98.0,10.0,10.0,0.0,1.5,1.0,One-Shot,Long-Runner,Long-Runner
220700017,1.0,98.0,17.0,0.0,0.0,0.7,-1.0,One-Shot,Long-Runner,Down-Slopper
487977985,1.0,98.0,14.0,0.0,0.0,-0.17647058823529416,,One-Shot,Down-Slopper,Not Available
216400457,1.0,98.0,2.0,2.0,0.0,-0.8571428571428572,inf,One-Shot,Down-Slopper,Long-Runner
447740036,1.0,98.0,4.0,4.0,0.0,1.0,1.0,One-Shot,Long-Runner,Long-Runner
200050714,1.0,98.0,5.0,4.0,0.0,0.25,0.0,One-Shot,Long-Runner,One-Shot
534194451,1.0,98.0,209.0,165.0,0.0,40.8,40.25,One-Shot,Long-Runner,Long-Runner
829854181,1.0,98.0,20.0,12.0,0.0,-0.9043062200956937,-0.9272727272727272,One-Shot,Down-Slopper,Down-Slopper
822734307,1.0,98.0,142.0,249.0,0.0,6.1,19.75,One-Shot,Long-Runner,Long-Runner
420010878,1.0,98.0,22.0,12.0,0.0,-0.8450704225352113,-0.9518072289156626,One-Shot,Down-Slopper,Down-Slopper
478029127,1.0,98.0,57.0,39.0,0.0,1.5909090909090908,2.25,One-Shot,Long-Runner,Long-Runner
488233313,1.0,98.0,59.0,59.0,0.0,0.03508771929824572,0.5128205128205128,One-Shot,Long-Runner,Long-Runner
311059422,1.0,98.0,356.0,356.0,0.0,5.033898305084746,5.033898305084746,One-Shot,Long-Runner,Long-Runner
308599703,1.0,98.0,38.0,31.0,0.0,-0.8932584269662921,-0.9129213483146067,One-Shot,Down-Slopper,Down-Slopper
422969667,1.0,98.0,15.0,11.0,0.0,-0.6052631578947368,-0.6451612903225806,One-Shot,Down-Slopper,Down-Slopper
324465632,1.0,98.0,32.0,32.0,0.0,1.1333333333333333,1.9090909090909092,One-Shot,Long-Runner,Long-Runner
200052488,1.0,98.0,1.0,1.0,0.0,-0.96875,-0.96875,One-Shot,Down-Slopper,Down-Slopper
429596190,1.0,98.0,1.0,1.0,0.0,0.0,0.0,One-Shot,One-Shot,One-Shot
221100019,1.0,98.0,23.0,59.0,0.0,22.0,58.0,One-Shot,Long-Runner,Long-Runner
213100332,1.0,98.0,1.0,3.0,0.0,-0.9565217391304348,-0.9491525423728814,One-Shot,Down-Slopper,Down-Slopper
200021624,1.0,98.0,3.0,3.0,0.0,2.0,0.0,One-Shot,Long-Runner,One-Shot
217100148,1.0,98.0,8.0,4.0,0.0,1.6666666666666665,0.33333333333333326,One-Shot,Long-Runner,Long-Runner
824433866,1.0,98.0,12.0,0.0,0.0,0.5,-1.0,One-Shot,Long-Runner,Down-Slopper
216400861,1.0,98.0,2.0,2.0,0.0,-0.8333333333333334,inf,One-Shot,Down-Slopper,Long-Runner
218300093,1.0,98.0,1.0,1.0,0.0,-0.5,-0.5,One-Shot,Down-Slopper,Down-Slopper
226700011,1.0,98.0,100.0,100.0,0.0,99.0,99.0,One-Shot,Long-Runner,Long-Runner
245400601,1.0,98.0,2.0,2.0,0.0,-0.98,-0.98,One-Shot,Down-Slopper,Down-Slopper
214400103,1.0,98.0,1.0,1.0,0.0,-0.5,-0.5,One-Shot,Down-Slopper,Down-Slopper
200064699,1.0,98.0,2.0,2.0,0.0,1.0,1.0,One-Shot,Long-Runner,Long-Runner
212200042,1.0,98.0,3.0,4.0,0.0,0.5,1.0,One-Shot,Long-Runner,Long-Runner
216401059,1.0,98.0,2.0,2.0,0.0,-0.33333333333333337,-0.5,One-Shot,Down-Slopper,Down-Slopper
216201087,1.0,98.0,1.0,1.0,0.0,-0.5,-0.5,One-Shot,Down-Slopper,Down-Slopper
212400378,1.0,98.0,3.0,3.0,0.0,2.0,2.0,One-Shot,Long-Runner,Long-Runner
200041481,1.0,98.0,3.0,4.0,0.0,0.0,0.33333333333333326,One-Shot,One-Shot,Long-Runner
214400137,1.0,98.0,1.0,1.0,0.0,-0.6666666666666667,-0.75,One-Shot,Down-Slopper,Down-Slopper
213100696,1.0,98.0,76.0,91.0,0.0,75.0,90.0,One-Shot,Long-Runner,Long-Runner
214100182,1.0,98.0,14.0,34.0,0.0,-0.8157894736842105,-0.6263736263736264,One-Shot,Down-Slopper,Down-Slopper
217700376,1.0,98.0,3.0,3.0,0.0,-0.7857142857142857,-0.9117647058823529,One-Shot,Down-Slopper,Down-Slopper
219400041,1.0,98.0,4.0,0.0,0.0,0.33333333333333326,-1.0,One-Shot,Long-Runner,Down-Slopper
219100864,1.0,98.0,0.0,2.0,0.0,-1.0,inf,One-Shot,Down-Slopper,Long-Runner
213500408,1.0,98.0,6.0,6.0,0.0,inf,2.0,One-Shot,Long-Runner,Long-Runner
217700533,1.0,98.0,1.0,1.0,0.0,-0.8333333333333334,-0.8333333333333334,One-Shot,Down-Slopper,Down-Slopper
216900290,1.0,98.0,4.0,4.0,0.0,3.0,3.0,One-Shot,Long-Runner,Long-Runner
852356583,1.0,98.0,2.0,2.0,0.0,-0.5,-0.5,One-Shot,Down-Slopper,Down-Slopper
410582613,1.0,98.0,1.0,1.0,0.0,-0.5,-0.5,One-Shot,Down-Slopper,Down-Slopper
216401554,1.0,98.0,2.0,2.0,0.0,1.0,1.0,One-Shot,Long-Runner,Long-Runner
200011773,1.0,98.0,1.0,8.0,0.0,-0.5,3.0,One-Shot,Down-Slopper,Long-Runner
200041630,1.0,98.0,10.0,55.0,0.0,9.0,5.875,One-Shot,Long-Runner,Long-Runner
200006682,1.0,98.0,2.0,2.0,0.0,-0.8,-0.9636363636363636,One-Shot,Down-Slopper,Down-Slopper
200039915,1.0,98.0,1.0,1.0,0.0,-0.5,-0.5,One-Shot,Down-Slopper,Down-Slopper
243600327,1.0,98.0,142.0,151.0,0.0,141.0,150.0,One-Shot,Long-Runner,Long-Runner
246800726,1.0,98.0,2.0,2.0,0.0,-0.9859154929577465,-0.9867549668874173,One-Shot,Down-Slopper,Down-Slopper
243400769,1.0,98.0,1.0,1.0,0.0,-0.5,-0.5,One-Shot,Down-Slopper,Down-Slopper
200030385,1.0,98.0,12.0,77.0,0.0,11.0,76.0,One-Shot,Long-Runner,Long-Runner
248100430,1.0,98.0,1.0,13.0,0.0,-0.9166666666666666,-0.8311688311688312,One-Shot,Down-Slopper,Down-Slopper
200066876,1.0,98.0,15.0,28.0,0.0,14.0,1.1538461538461537,One-Shot,Long-Runner,Long-Runner
200067874,1.0,98.0,1.0,1.0,0.0,-0.9333333333333333,-0.9642857142857143,One-Shot,Down-Slopper,Down-Slopper
248100737,1.0,98.0,3.0,6.0,0.0,2.0,5.0,One-Shot,Long-Runner,Long-Runner
200067114,1.0,98.0,2.0,3.0,0.0,-0.33333333333333337,-0.5,One-Shot,Down-Slopper,Down-Slopper
244400610,1.0,98.0,64.0,137.0,0.0,31.0,44.666666666666664,One-Shot,Long-Runner,Long-Runner
247600786,1.0,98.0,1.0,1.0,0.0,-0.984375,-0.9927007299270073,One-Shot,Down-Slopper,Down-Slopper
244400644,1.0,98.0,22.0,111.0,0.0,21.0,110.0,One-Shot,Long-Runner,Long-Runner
240600551,1.0,98.0,0.0,1.0,0.0,-1.0,-0.990990990990991,One-Shot,Down-Slopper,Down-Slopper
245300330,1.0,98.0,1.0,1.0,0.0,inf,0.0,One-Shot,Long-Runner,One-Shot
245901160,1.0,98.0,6.0,8.0,0.0,5.0,7.0,One-Shot,Long-Runner,Long-Runner
247000011,1.0,98.0,2.0,1.0,0.0,-0.6666666666666667,-0.875,One-Shot,Down-Slopper,Down-Slopper
248300493,1.0,98.0,4.0,7.0,0.0,1.0,6.0,One-Shot,Long-Runner,Long-Runner
200043172,1.0,98.0,2.0,2.0,0.0,-0.5,-0.7142857142857143,One-Shot,Down-Slopper,Down-Slopper
248900334,1.0,98.0,4.0,2.0,0.0,1.0,0.0,One-Shot,Long-Runner,One-Shot
200039857,1.0,98.0,3.0,3.0,0.0,-0.25,0.5,One-Shot,Down-Slopper,Long-Runner
200071892,1.0,98.0,523.0,626.0,0.0,173.33333333333334,207.66666666666666,One-Shot,Long-Runner,Long-Runner
200071454,1.0,98.0,1.0,1.0,0.0,-0.9980879541108987,-0.9984025559105432,One-Shot,Down-Slopper,Down-Slopper
200069821,1.0,98.0,6.0,6.0,0.0,5.0,5.0,One-Shot,Long-Runner,Long-Runner
200066124,1.0,98.0,8.0,92.0,0.0,0.33333333333333326,14.333333333333334,One-Shot,Long-Runner,Long-Runner
200067825,1.0,98.0,1.0,1.0,0.0,-0.875,-0.9891304347826086,One-Shot,Down-Slopper,Down-Slopper
248400251,1.0,98.0,17.0,17.0,0.0,16.0,16.0,One-Shot,Long-Runner,Long-Runner
200069052,1.0,98.0,86.0,92.0,0.0,4.0588235294117645,4.411764705882353,One-Shot,Long-Runner,Long-Runner
247100589,1.0,98.0,3.0,5.0,0.0,-0.9651162790697675,-0.9456521739130435,One-Shot,Down-Slopper,Down-Slopper
200069110,1.0,98.0,55.0,87.0,0.0,17.333333333333332,16.4,One-Shot,Long-Runner,Long-Runner
200010650,1.0,98.0,1.0,2.0,0.0,-0.9818181818181818,-0.9770114942528736,One-Shot,Down-Slopper,Down-Slopper
200034825,1.0,98.0,1.0,1.0,0.0,0.0,-0.5,One-Shot,One-Shot,Down-Slopper
243400819,1.0,98.0,3.0,3.0,0.0,2.0,2.0,One-Shot,Long-Runner,Long-Runner
200069532,1.0,98.0,53.0,68.0,0.0,16.666666666666668,21.666666666666668,One-Shot,Long-Runner,Long-Runner
200065886,1.0,98.0,67.0,90.0,0.0,0.26415094339622636,0.32352941176470584,One-Shot,Long-Runner,Long-Runner
200070308,1.0,98.0,1.0,2.0,0.0,-0.9850746268656716,-0.9777777777777777,One-Shot,Down-Slopper,Down-Slopper
244500203,1.0,98.0,1.0,8.0,0.0,0.0,3.0,One-Shot,One-Shot,Long-Runner
240300608,1.0,98.0,2.0,1.0,0.0,1.0,-0.875,One-Shot,Long-Runner,Down-Slopper
200057958,1.0,98.0,6.0,0.0,0.0,2.0,-1.0,One-Shot,Long-Runner,Down-Slopper
200067254,1.0,98.0,37.0,3.0,0.0,2.0833333333333335,inf,One-Shot,Long-Runner,Long-Runner
240100750,1.0,98.0,2.0,2.0,0.0,-0.9459459459459459,-0.33333333333333337,One-Shot,Down-Slopper,Down-Slopper
200069037,1.0,98.0,1.0,11.0,0.0,-0.5,4.5,One-Shot,Down-Slopper,Long-Runner
200067791,1.0,98.0,1.0,1.0,0.0,0.0,-0.9090909090909091,One-Shot,One-Shot,Down-Slopper
243800604,1.0,98.0,2.0,2.0,0.0,1.0,1.0,One-Shot,Long-Runner,Long-Runner
200071413,1.0,98.0,2.0,3.0,0.0,0.0,0.5,One-Shot,One-Shot,Long-Runner
200068120,1.0,98.0,7.0,8.0,0.0,2.5,1.6666666666666665,One-Shot,Long-Runner,Long-Runner
200067965,1.0,98.0,1.0,2.0,0.0,-0.8571428571428572,-0.75,One-Shot,Down-Slopper,Down-Slopper
200035731,1.0,98.0,2.0,2.0,0.0,1.0,0.0,One-Shot,Long-Runner,One-Shot
241200187,1.0,98.0,2.0,4.0,0.0,0.0,1.0,One-Shot,One-Shot,Long-Runner
200066355,1.0,98.0,26.0,15.0,0.0,12.0,2.75,One-Shot,Long-Runner,Long-Runner
240600585,1.0,98.0,7.0,9.0,0.0,-0.7307692307692308,-0.4,One-Shot,Down-Slopper,Down-Slopper
200072072,1.0,98.0,1.0,1.0,0.0,-0.8571428571428572,-0.8888888888888888,One-Shot,Down-Slopper,Down-Slopper
245701222,1.0,98.0,12.0,12.0,0.0,11.0,11.0,One-Shot,Long-Runner,Long-Runner
200035319,1.0,98.0,11.0,16.0,0.0,-0.08333333333333337,0.33333333333333326,One-Shot,Down-Slopper,Long-Runner
248400053,1.0,98.0,108.0,127.0,0.0,8.818181818181818,6.9375,One-Shot,Long-Runner,Long-Runner
200077014,1.0,98.0,1.0,1.0,0.0,-0.9907407407407407,-0.9921259842519685,One-Shot,Down-Slopper,Down-Slopper
219400165,1.0,98.0,30.0,34.0,0.0,29.0,33.0,One-Shot,Long-Runner,Long-Runner
211401187,1.0,98.0,5.0,12.0,0.0,-0.8333333333333334,-0.6470588235294117,One-Shot,Down-Slopper,Down-Slopper
215600305,1.0,98.0,2.0,2.0,0.0,-0.6,-0.8333333333333334,One-Shot,Down-Slopper,Down-Slopper
216401661,1.0,98.0,2.0,2.0,0.0,0.0,0.0,One-Shot,One-Shot,One-Shot
213101132,1.0,98.0,1.0,2.0,0.0,-0.5,0.0,One-Shot,Down-Slopper,One-Shot
213101181,1.0,98.0,0.0,1.0,0.0,-1.0,-0.5,One-Shot,Down-Slopper,Down-Slopper
213101355,1.0,98.0,2.0,2.0,0.0,inf,1.0,One-Shot,Long-Runner,Long-Runner
244900882,1.0,98.0,4.0,4.0,0.0,1.0,1.0,One-Shot,Long-Runner,Long-Runner
200066371,1.0,98.0,2.0,2.0,0.0,-0.5,-0.5,One-Shot,Down-Slopper,Down-Slopper
247600539,1.0,98.0,23.0,23.0,0.0,10.5,10.5,One-Shot,Long-Runner,Long-Runner
200033116,1.0,98.0,1.0,1.0,0.0,-0.9565217391304348,-0.9565217391304348,One-Shot,Down-Slopper,Down-Slopper
245901152,1.0,98.0,1.0,1.0,0.0,0.0,0.0,One-Shot,One-Shot,One-Shot
200068815,1.0,98.0,1.0,1.0,0.0,0.0,0.0,One-Shot,One-Shot,One-Shot
200039204,1.0,98.0,9.0,15.0,0.0,8.0,14.0,One-Shot,Long-Runner,Long-Runner
200041515,1.0,98.0,1.0,1.0,0.0,-0.8888888888888888,-0.9333333333333333,One-Shot,Down-Slopper,Down-Slopper
240500439,1.0,98.0,1.0,2.0,0.0,0.0,1.0,One-Shot,One-Shot,Long-Runner
200070530,1.0,98.0,1.0,1.0,0.0,0.0,-0.5,One-Shot,One-Shot,Down-Slopper
246900740,1.0,98.0,7.0,9.0,0.0,6.0,8.0,One-Shot,Long-Runner,Long-Runner
246000566,1.0,98.0,1.0,1.0,0.0,-0.8571428571428572,-0.8888888888888888,One-Shot,Down-Slopper,Down-Slopper
242600252,1.0,98.0,1.0,1.0,0.0,0.0,0.0,One-Shot,One-Shot,One-Shot
200065894,1.0,98.0,3.0,5.0,0.0,2.0,4.0,One-Shot,Long-Runner,Long-Runner
243500550,1.0,98.0,4.0,4.0,0.0,0.33333333333333326,-0.19999999999999996,One-Shot,Long-Runner,Down-Slopper
240300756,1.0,98.0,8.0,0.0,0.0,1.0,-1.0,One-Shot,Long-Runner,Down-Slopper
248400319,1.0,98.0,6.0,7.0,0.0,-0.25,inf,One-Shot,Down-Slopper,Long-Runner
200068377,1.0,98.0,2.0,2.0,0.0,-0.6666666666666667,-0.7142857142857143,One-Shot,Down-Slopper,Down-Slopper
200066884,1.0,98.0,1.0,2.0,0.0,-0.5,0.0,One-Shot,Down-Slopper,One-Shot
200068146,1.0,98.0,1.0,1.0,0.0,0.0,-0.5,One-Shot,One-Shot,Down-Slopper
243100773,1.0,98.0,1.0,1.0,0.0,0.0,0.0,One-Shot,One-Shot,One-Shot
200041465,1.0,98.0,1.0,0.0,0.0,0.0,-1.0,One-Shot,One-Shot,Down-Slopper
241300375,1.0,98.0,4.0,4.0,0.0,3.0,inf,One-Shot,Long-Runner,Long-Runner
243100658,1.0,98.0,0.0,2.0,0.0,-1.0,-0.5,One-Shot,Down-Slopper,Down-Slopper
263300626,1.0,98.0,3.0,5.0,0.0,inf,1.5,One-Shot,Long-Runner,Long-Runner
217700673,1.0,98.0,1.0,1.0,0.0,-0.6666666666666667,-0.8,One-Shot,Down-Slopper,Down-Slopper
215101015,1.0,98.0,1.0,0.0,0.0,0.0,-1.0,One-Shot,One-Shot,Down-Slopper
217300656,1.0,98.0,13.0,37.0,0.0,12.0,inf,One-Shot,Long-Runner,Long-Runner
200075810,1.0,98.0,2.0,2.0,0.0,-0.8461538461538461,-0.9459459459459459,One-Shot,Down-Slopper,Down-Slopper
216900407,1.0,98.0,6.0,6.0,0.0,2.0,2.0,One-Shot,Long-Runner,Long-Runner
217700798,1.0,98.0,9.0,9.0,0.0,0.5,0.5,One-Shot,Long-Runner,Long-Runner
221600018,1.0,98.0,57.0,71.0,0.0,5.333333333333333,6.888888888888889,One-Shot,Long-Runner,Long-Runner
830836698,1.0,98.0,16.0,17.0,0.0,-0.7192982456140351,-0.7605633802816901,One-Shot,Down-Slopper,Down-Slopper
807667316,1.0,98.0,2.0,2.0,0.0,-0.875,-0.8823529411764706,One-Shot,Down-Slopper,Down-Slopper
200064483,1.0,98.0,1.0,1.0,0.0,-0.5,-0.5,One-Shot,Down-Slopper,Down-Slopper
213600448,1.0,98.0,10.0,12.0,0.0,9.0,11.0,One-Shot,Long-Runner,Long-Runner
217801463,1.0,98.0,1.0,1.0,0.0,-0.9,-0.9166666666666666,One-Shot,Down-Slopper,Down-Slopper
310679055,1.0,98.0,2.0,2.0,0.0,1.0,1.0,One-Shot,Long-Runner,Long-Runner
218300424,1.0,98.0,3.0,3.0,0.0,0.5,0.5,One-Shot,Long-Runner,Long-Runner
217701226,1.0,98.0,11.0,15.0,0.0,2.6666666666666665,4.0,One-Shot,Long-Runner,Long-Runner
301072880,1.0,98.0,7.0,8.0,0.0,-0.36363636363636365,-0.4666666666666667,One-Shot,Down-Slopper,Down-Slopper
568500680,1.0,98.0,1.0,1.0,0.0,-0.8571428571428572,-0.875,One-Shot,Down-Slopper,Down-Slopper
217801729,1.0,98.0,0.0,0.0,0.0,-1.0,-1.0,One-Shot,Down-Slopper,Down-Slopper
182019208,1.0,98.0,0.0,4.0,0.0,,inf,One-Shot,Not Available,Long-Runner
222100018,1.0,98.0,3.0,1.0,0.0,inf,-0.75,One-Shot,Long-Runner,Down-Slopper
217001817,1.0,98.0,2.0,1.0,0.0,-0.33333333333333337,0.0,One-Shot,Down-Slopper,One-Shot
217701390,1.0,98.0,4.0,0.0,0.0,1.0,-1.0,One-Shot,Long-Runner,Down-Slopper
820657971,1.0,98.0,2.0,23.0,0.0,-0.5,inf,One-Shot,Down-Slopper,Long-Runner
245900428,1.0,98.0,74.0,84.0,0.0,36.0,2.652173913043478,One-Shot,Long-Runner,Long-Runner
200067213,1.0,98.0,1.0,5.0,0.0,-0.9864864864864865,-0.9404761904761905,One-Shot,Down-Slopper,Down-Slopper
200084952,1.0,98.0,206.0,212.0,0.0,205.0,41.4,One-Shot,Long-Runner,Long-Runner
200067064,1.0,98.0,1.0,1.0,0.0,-0.9951456310679612,-0.9952830188679245,One-Shot,Down-Slopper,Down-Slopper
217602176,1.0,98.0,9.0,9.0,0.0,8.0,8.0,One-Shot,Long-Runner,Long-Runner
211701404,1.0,98.0,1.0,1.0,0.0,-0.8888888888888888,-0.8888888888888888,One-Shot,Down-Slopper,Down-Slopper
218801413,1.0,98.0,2.0,2.0,0.0,1.0,1.0,One-Shot,Long-Runner,Long-Runner
218801561,1.0,98.0,4.0,4.0,0.0,1.0,1.0,One-Shot,Long-Runner,Long-Runner
214400525,1.0,98.0,3.0,3.0,0.0,-0.25,-0.25,One-Shot,Down-Slopper,Down-Slopper
222500019,1.0,98.0,28.0,88.0,0.0,8.333333333333334,28.333333333333332,One-Shot,Long-Runner,Long-Runner
200037729,1.0,98.0,3.0,3.0,0.0,-0.8928571428571429,-0.9659090909090909,One-Shot,Down-Slopper,Down-Slopper
218300507,1.0,98.0,1.0,1.0,0.0,-0.6666666666666667,-0.6666666666666667,One-Shot,Down-Slopper,Down-Slopper
213801517,1.0,98.0,6.0,9.0,0.0,5.0,8.0,One-Shot,Long-Runner,Long-Runner
216800789,1.0,98.0,1.0,1.0,0.0,-0.8333333333333334,-0.8888888888888888,One-Shot,Down-Slopper,Down-Slopper
217701697,1.0,98.0,1.0,0.0,0.0,0.0,-1.0,One-Shot,One-Shot,Down-Slopper
216402222,1.0,98.0,2.0,2.0,0.0,1.0,inf,One-Shot,Long-Runner,Long-Runner
219102258,1.0,98.0,0.0,4.0,0.0,-1.0,1.0,One-Shot,Down-Slopper,Long-Runner
200058014,1.0,98.0,81.0,80.0,0.0,inf,19.0,One-Shot,Long-Runner,Long-Runner
481611135,1.0,98.0,3.0,3.0,0.0,-0.962962962962963,-0.9625,One-Shot,Down-Slopper,Down-Slopper
830336558,1.0,98.0,1.0,1.0,0.0,-0.6666666666666667,-0.6666666666666667,One-Shot,Down-Slopper,Down-Slopper
210600599,1.0,98.0,1.0,1.0,0.0,0.0,0.0,One-Shot,One-Shot,One-Shot
210700886,1.0,98.0,5.0,5.0,0.0,4.0,4.0,One-Shot,Long-Runner,Long-Runner
214400574,1.0,98.0,1.0,1.0,0.0,-0.8,-0.8,One-Shot,Down-Slopper,Down-Slopper
215600586,1.0,98.0,1.0,2.0,0.0,0.0,1.0,One-Shot,One-Shot,Long-Runner
222900011,1.0,98.0,91.0,137.0,0.0,90.0,67.5,One-Shot,Long-Runner,Long-Runner
214200958,1.0,98.0,1.0,1.0,0.0,-0.989010989010989,-0.9927007299270073,One-Shot,Down-Slopper,Down-Slopper
211402714,1.0,98.0,43.0,46.0,0.0,42.0,45.0,One-Shot,Long-Runner,Long-Runner
213101876,1.0,98.0,0.0,2.0,0.0,-1.0,-0.9565217391304348,One-Shot,Down-Slopper,Down-Slopper
211300397,1.0,98.0,4.0,4.0,0.0,inf,1.0,One-Shot,Long-Runner,Long-Runner
218300614,1.0,98.0,6.0,8.0,0.0,0.5,1.0,One-Shot,Long-Runner,Long-Runner
255502262,1.0,98.0,1.0,0.0,0.0,-0.8333333333333334,-1.0,One-Shot,Down-Slopper,Down-Slopper
216402289,1.0,98.0,2.0,2.0,0.0,1.0,inf,One-Shot,Long-Runner,Long-Runner
216402297,1.0,98.0,2.0,1.0,0.0,0.0,-0.5,One-Shot,One-Shot,Down-Slopper
213401110,1.0,98.0,2.0,2.0,0.0,0.0,1.0,One-Shot,One-Shot,Long-Runner
219502689,1.0,98.0,2.0,10.0,0.0,0.0,4.0,One-Shot,One-Shot,Long-Runner
200043115,1.0,98.0,1.0,2.0,0.0,-0.5,-0.8,One-Shot,Down-Slopper,Down-Slopper
187609110,1.0,98.0,13.0,14.0,0.0,12.0,6.0,One-Shot,Long-Runner,Long-Runner
781843750,1.0,98.0,30.0,30.0,0.0,1.3076923076923075,1.1428571428571428,One-Shot,Long-Runner,Long-Runner
241600253,1.0,98.0,9.0,20.0,0.0,-0.7,-0.33333333333333337,One-Shot,Down-Slopper,Down-Slopper
775701253,1.0,98.0,3.0,3.0,0.0,-0.6666666666666667,-0.85,One-Shot,Down-Slopper,Down-Slopper
775700198,1.0,98.0,22.0,22.0,0.0,6.333333333333333,6.333333333333333,One-Shot,Long-Runner,Long-Runner
215002189,1.0,98.0,0.0,0.0,0.0,-1.0,-1.0,One-Shot,Down-Slopper,Down-Slopper
214400673,1.0,98.0,1.0,1.0,0.0,inf,inf,One-Shot,Long-Runner,Long-Runner
214400699,1.0,98.0,4.0,9.0,0.0,3.0,8.0,One-Shot,Long-Runner,Long-Runner
442638698,1.0,98.0,13.0,13.0,0.0,2.25,0.4444444444444444,One-Shot,Long-Runner,Long-Runner
216402552,1.0,98.0,2.0,2.0,0.0,-0.8461538461538461,-0.8461538461538461,One-Shot,Down-Slopper,Down-Slopper
327216875,1.0,98.0,0.0,0.0,0.0,-1.0,-1.0,One-Shot,Down-Slopper,Down-Slopper
226500015,1.0,98.0,78.0,92.0,0.0,inf,inf,One-Shot,Long-Runner,Long-Runner
809413586,1.0,98.0,6.0,4.0,0.0,-0.9230769230769231,-0.9565217391304348,One-Shot,Down-Slopper,Down-Slopper
223400011,1.0,98.0,34.0,198.0,0.0,4.666666666666667,48.5,One-Shot,Long-Runner,Long-Runner
322148834,1.0,98.0,0.0,16.0,0.0,-1.0,-0.9191919191919192,One-Shot,Down-Slopper,Down-Slopper
214400723,1.0,98.0,1.0,1.0,0.0,inf,-0.9375,One-Shot,Long-Runner,Down-Slopper
775684483,1.0,98.0,115.0,120.0,0.0,114.0,119.0,One-Shot,Long-Runner,Long-Runner
213501331,1.0,98.0,6.0,6.0,0.0,-0.9478260869565217,-0.95,One-Shot,Down-Slopper,Down-Slopper
287500078,1.0,98.0,81.0,120.0,0.0,12.5,19.0,One-Shot,Long-Runner,Long-Runner
223500018,1.0,98.0,25.0,23.0,0.0,-0.691358024691358,-0.8083333333333333,One-Shot,Down-Slopper,Down-Slopper
223600016,1.0,98.0,8.0,9.0,0.0,-0.6799999999999999,-0.6086956521739131,One-Shot,Down-Slopper,Down-Slopper
259401099,1.0,98.0,14.0,0.0,0.0,0.75,-1.0,One-Shot,Long-Runner,Down-Slopper
223800012,1.0,98.0,81.0,140.0,0.0,4.785714285714286,inf,One-Shot,Long-Runner,Long-Runner
216402792,1.0,98.0,2.0,2.0,0.0,-0.9753086419753086,-0.9857142857142858,One-Shot,Down-Slopper,Down-Slopper
216402834,1.0,98.0,2.0,2.0,0.0,0.0,0.0,One-Shot,One-Shot,One-Shot
223900010,1.0,98.0,2.0,0.0,0.0,0.0,-1.0,One-Shot,One-Shot,Down-Slopper
487875593,1.0,98.0,3.0,3.0,0.0,0.5,inf,One-Shot,Long-Runner,Long-Runner
804363521,1.0,98.0,1.0,1.0,0.0,-0.6666666666666667,-0.6666666666666667,One-Shot,Down-Slopper,Down-Slopper
572028660,1.0,98.0,1.0,24.0,0.0,0.0,23.0,One-Shot,One-Shot,Long-Runner
523576395,1.0,98.0,1.0,1.0,0.0,0.0,-0.9583333333333334,One-Shot,One-Shot,Down-Slopper
844404392,1.0,98.0,1.0,1.0,0.0,0.0,0.0,One-Shot,One-Shot,One-Shot
340035526,1.0,98.0,35.0,35.0,0.0,34.0,34.0,One-Shot,Long-Runner,Long-Runner
814870853,1.0,98.0,2.0,2.0,0.0,-0.9428571428571428,-0.9428571428571428,One-Shot,Down-Slopper,Down-Slopper
214400558,1.0,98.0,3.0,14.0,0.0,0.5,6.0,One-Shot,Long-Runner,Long-Runner
215901430,1.0,98.0,1.0,1.0,0.0,-0.6666666666666667,-0.9285714285714286,One-Shot,Down-Slopper,Down-Slopper
214400301,1.0,98.0,2.0,2.0,0.0,1.0,1.0,One-Shot,Long-Runner,Long-Runner
210600656,1.0,98.0,2.0,2.0,0.0,0.0,0.0,One-Shot,One-Shot,One-Shot
213502032,1.0,98.0,4.0,4.0,0.0,1.0,1.0,One-Shot,Long-Runner,Long-Runner
239740012,1.0,98.0,21.0,21.0,0.0,4.25,4.25,One-Shot,Long-Runner,Long-Runner
218301265,1.0,98.0,1.0,1.0,0.0,-0.9523809523809523,-0.9523809523809523,One-Shot,Down-Slopper,Down-Slopper
211704523,1.0,98.0,1.0,1.0,0.0,0.0,0.0,One-Shot,One-Shot,One-Shot
212203855,1.0,98.0,2.0,2.0,0.0,1.0,1.0,One-Shot,Long-Runner,Long-Runner
216402974,1.0,98.0,2.0,2.0,0.0,0.0,0.0,One-Shot,One-Shot,One-Shot
218802585,1.0,98.0,2.0,2.0,0.0,0.0,0.0,One-Shot,One-Shot,One-Shot
212200943,1.0,98.0,1.0,1.0,0.0,-0.5,-0.5,One-Shot,Down-Slopper,Down-Slopper
219101797,1.0,98.0,7.0,7.0,0.0,6.0,6.0,One-Shot,Long-Runner,Long-Runner
214400491,1.0,98.0,1.0,1.0,0.0,-0.8571428571428572,-0.8571428571428572,One-Shot,Down-Slopper,Down-Slopper
503486870,1.0,98.0,8.0,8.0,0.0,7.0,7.0,One-Shot,Long-Runner,Long-Runner
214401358,1.0,98.0,1.0,1.0,0.0,-0.875,-0.875,One-Shot,Down-Slopper,Down-Slopper
213302433,1.0,98.0,19.0,22.0,0.0,18.0,21.0,One-Shot,Long-Runner,Long-Runner
217702513,1.0,98.0,7.0,7.0,0.0,-0.631578947368421,-0.6818181818181819,One-Shot,Down-Slopper,Down-Slopper
413095811,1.0,98.0,129.0,227.0,0.0,17.428571428571427,31.42857142857143,One-Shot,Long-Runner,Long-Runner
254402738,1.0,98.0,5.0,5.0,0.0,-0.9612403100775194,-0.9779735682819384,One-Shot,Down-Slopper,Down-Slopper
216901165,1.0,98.0,1.0,1.0,0.0,-0.8,-0.8,One-Shot,Down-Slopper,Down-Slopper
219103405,1.0,98.0,2.0,2.0,0.0,1.0,1.0,One-Shot,Long-Runner,Long-Runner
793698705,1.0,98.0,37.0,37.0,0.0,17.5,17.5,One-Shot,Long-Runner,Long-Runner
315387209,1.0,98.0,26.0,26.0,0.0,-0.29729729729729726,-0.29729729729729726,One-Shot,Down-Slopper,Down-Slopper
215903600,1.0,98.0,4.0,12.0,0.0,-0.8461538461538461,-0.5384615384615384,One-Shot,Down-Slopper,Down-Slopper
200067460,1.0,98.0,2.0,3.0,0.0,-0.5,-0.75,One-Shot,Down-Slopper,Down-Slopper
423221795,1.0,98.0,26.0,20.0,0.0,12.0,5.666666666666667,One-Shot,Long-Runner,Long-Runner
399054964,1.0,98.0,19.0,20.0,0.0,-0.2692307692307693,0.0,One-Shot,Down-Slopper,One-Shot
844634873,1.0,98.0,3.0,1.0,0.0,-0.8421052631578947,-0.95,One-Shot,Down-Slopper,Down-Slopper
255003592,1.0,98.0,30.0,0.0,0.0,9.0,-1.0,One-Shot,Long-Runner,Down-Slopper
219400470,1.0,98.0,7.0,0.0,0.0,-0.7666666666666666,,One-Shot,Down-Slopper,Not Available
200060010,1.0,98.0,8.0,9.0,0.0,0.1428571428571428,inf,One-Shot,Long-Runner,Long-Runner
225300011,1.0,98.0,292.0,294.0,0.0,35.5,31.666666666666664,One-Shot,Long-Runner,Long-Runner
216205633,1.0,98.0,7.0,7.0,0.0,-0.976027397260274,-0.9761904761904762,One-Shot,Down-Slopper,Down-Slopper
216403758,1.0,98.0,2.0,7.0,0.0,-0.7142857142857143,0.0,One-Shot,Down-Slopper,One-Shot
216403774,1.0,98.0,2.0,2.0,0.0,0.0,-0.7142857142857143,One-Shot,One-Shot,Down-Slopper
210600839,1.0,98.0,1.0,1.0,0.0,-0.5,-0.5,One-Shot,Down-Slopper,Down-Slopper
213103419,1.0,98.0,1.0,0.0,0.0,0.0,-1.0,One-Shot,One-Shot,Down-Slopper
213401573,1.0,98.0,4.0,4.0,0.0,3.0,inf,One-Shot,Long-Runner,Long-Runner
216902833,1.0,98.0,4.0,4.0,0.0,0.0,0.0,One-Shot,One-Shot,One-Shot
213103450,1.0,98.0,2.0,2.0,0.0,-0.5,-0.5,One-Shot,Down-Slopper,Down-Slopper
214001927,1.0,98.0,1.0,1.0,0.0,-0.5,-0.5,One-Shot,Down-Slopper,Down-Slopper
212503882,1.0,98.0,3.0,4.0,0.0,2.0,3.0,One-Shot,Long-Runner,Long-Runner
211702402,1.0,98.0,1.0,1.0,0.0,-0.6666666666666667,-0.75,One-Shot,Down-Slopper,Down-Slopper
213103757,1.0,98.0,9.0,9.0,0.0,8.0,8.0,One-Shot,Long-Runner,Long-Runner
214401036,1.0,98.0,2.0,2.0,0.0,-0.7777777777777778,-0.7777777777777778,One-Shot,Down-Slopper,Down-Slopper
219300480,1.0,98.0,91.0,96.0,0.0,44.5,47.0,One-Shot,Long-Runner,Long-Runner
225600014,1.0,98.0,17.0,20.0,0.0,-0.8131868131868132,-0.7916666666666666,One-Shot,Down-Slopper,Down-Slopper
255601106,1.0,98.0,13.0,13.0,0.0,-0.23529411764705888,-0.35,One-Shot,Down-Slopper,Down-Slopper
315903898,1.0,98.0,4.0,0.0,0.0,-0.6923076923076923,-1.0,One-Shot,Down-Slopper,Down-Slopper
314549262,1.0,98.0,10.0,10.0,0.0,1.5,inf,One-Shot,Long-Runner,Long-Runner
217703263,1.0,98.0,1.0,1.0,0.0,-0.9,-0.9,One-Shot,Down-Slopper,Down-Slopper
243000643,1.0,98.0,34.0,5.0,0.0,33.0,4.0,One-Shot,Long-Runner,Long-Runner
217703370,1.0,98.0,5.0,0.0,0.0,-0.8529411764705882,-1.0,One-Shot,Down-Slopper,Down-Slopper
200012508,1.0,98.0,14.0,17.0,0.0,1.7999999999999998,inf,One-Shot,Long-Runner,Long-Runner
509795829,1.0,98.0,255.0,255.0,0.0,17.214285714285715,14.0,One-Shot,Long-Runner,Long-Runner
828647842,1.0,98.0,87.0,0.0,0.0,-0.6588235294117647,-1.0,One-Shot,Down-Slopper,Down-Slopper
200024933,1.0,98.0,156.0,329.0,0.0,0.7931034482758621,inf,One-Shot,Long-Runner,Long-Runner
200081735,1.0,98.0,74.0,76.0,0.0,-0.5256410256410257,-0.7689969604863222,One-Shot,Down-Slopper,Down-Slopper
200053791,1.0,98.0,125.0,266.0,0.0,0.6891891891891893,2.5,One-Shot,Long-Runner,Long-Runner
217604818,1.0,98.0,3.0,3.0,0.0,-0.976,-0.9887218045112782,One-Shot,Down-Slopper,Down-Slopper
395235047,1.0,98.0,10.0,10.0,0.0,2.3333333333333335,2.3333333333333335,One-Shot,Long-Runner,Long-Runner
789710589,1.0,98.0,1.0,1.0,0.0,-0.9,-0.9,One-Shot,Down-Slopper,Down-Slopper
211201769,1.0,98.0,7.0,7.0,0.0,6.0,6.0,One-Shot,Long-Runner,Long-Runner
216404293,1.0,98.0,2.0,2.0,0.0,-0.7142857142857143,-0.7142857142857143,One-Shot,Down-Slopper,Down-Slopper
216404350,1.0,98.0,2.0,2.0,0.0,0.0,0.0,One-Shot,One-Shot,One-Shot
250600723,1.0,98.0,1.0,2.0,0.0,-0.5,0.0,One-Shot,Down-Slopper,One-Shot
325920080,1.0,98.0,74.0,74.0,0.0,73.0,36.0,One-Shot,Long-Runner,Long-Runner
200048965,1.0,98.0,25.0,26.0,0.0,-0.6621621621621622,-0.6486486486486487,One-Shot,Down-Slopper,Down-Slopper
215601543,1.0,98.0,1.0,1.0,0.0,-0.96,-0.9615384615384616,One-Shot,Down-Slopper,Down-Slopper
213303183,1.0,98.0,2.0,2.0,0.0,1.0,1.0,One-Shot,Long-Runner,Long-Runner
217604974,1.0,98.0,5.0,5.0,0.0,1.5,1.5,One-Shot,Long-Runner,Long-Runner
200049690,1.0,98.0,9.0,8.0,0.0,0.8,0.6000000000000001,One-Shot,Long-Runner,Long-Runner
381785120,1.0,98.0,6.0,6.0,0.0,-0.33333333333333337,-0.25,One-Shot,Down-Slopper,Down-Slopper
219400595,1.0,98.0,11.0,7.0,0.0,0.8333333333333333,0.16666666666666674,One-Shot,Long-Runner,Long-Runner
213502271,1.0,98.0,6.0,6.0,0.0,-0.4545454545454546,-0.1428571428571429,One-Shot,Down-Slopper,Down-Slopper
200054252,1.0,98.0,1.0,1.0,0.0,-0.8333333333333334,-0.8333333333333334,One-Shot,Down-Slopper,Down-Slopper
212202154,1.0,98.0,7.0,7.0,0.0,6.0,6.0,One-Shot,Long-Runner,Long-Runner
252106620,1.0,98.0,17.0,58.0,0.0,1.4285714285714284,7.2857142857142865,One-Shot,Long-Runner,Long-Runner
251900130,1.0,98.0,8.0,8.0,0.0,-0.5294117647058824,-0.8620689655172413,One-Shot,Down-Slopper,Down-Slopper
200072866,1.0,98.0,5.0,6.0,0.0,-0.375,-0.25,One-Shot,Down-Slopper,Down-Slopper
200033736,1.0,98.0,37.0,30.0,0.0,6.4,4.0,One-Shot,Long-Runner,Long-Runner
213803174,1.0,98.0,3.0,3.0,0.0,-0.9189189189189189,-0.9,One-Shot,Down-Slopper,Down-Slopper
217703735,1.0,98.0,4.0,0.0,0.0,0.33333333333333326,-1.0,One-Shot,Long-Runner,Down-Slopper
214401325,1.0,98.0,1.0,1.0,0.0,-0.75,inf,One-Shot,Down-Slopper,Long-Runner
782815666,1.0,98.0,9.0,0.0,0.0,8.0,-1.0,One-Shot,Long-Runner,Down-Slopper
200012979,1.0,98.0,3.0,3.0,0.0,-0.6666666666666667,inf,One-Shot,Down-Slopper,Long-Runner
200012656,1.0,98.0,6.0,6.0,0.0,1.0,1.0,One-Shot,Long-Runner,Long-Runner
200012490,1.0,98.0,13.0,13.0,0.0,1.1666666666666665,1.1666666666666665,One-Shot,Long-Runner,Long-Runner
218301000,1.0,98.0,8.0,8.0,0.0,-0.3846153846153846,-0.3846153846153846,One-Shot,Down-Slopper,Down-Slopper
219200623,1.0,98.0,2.0,2.0,0.0,-0.75,-0.75,One-Shot,Down-Slopper,Down-Slopper
226400018,1.0,98.0,34.0,39.0,0.0,16.0,18.5,One-Shot,Long-Runner,Long-Runner
482886694,1.0,98.0,106.0,92.0,0.0,2.1176470588235294,1.358974358974359,One-Shot,Long-Runner,Long-Runner
215601865,1.0,98.0,2.0,4.0,0.0,-0.9811320754716981,-0.9565217391304348,One-Shot,Down-Slopper,Down-Slopper
217805175,1.0,98.0,7.0,7.0,0.0,2.5,0.75,One-Shot,Long-Runner,Long-Runner
775663438,1.0,98.0,55.0,48.0,0.0,6.857142857142857,5.857142857142857,One-Shot,Long-Runner,Long-Runner
815142229,1.0,98.0,2.0,1.0,0.0,-0.9636363636363636,-0.9791666666666666,One-Shot,Down-Slopper,Down-Slopper
493397673,1.0,98.0,2.0,2.0,0.0,0.0,1.0,One-Shot,One-Shot,Long-Runner
794030213,1.0,98.0,5.0,6.0,0.0,1.5,2.0,One-Shot,Long-Runner,Long-Runner
216902866,1.0,98.0,7.0,13.0,0.0,0.3999999999999999,1.1666666666666665,One-Shot,Long-Runner,Long-Runner
219105210,1.0,98.0,5.0,1.0,0.0,-0.2857142857142857,-0.9230769230769231,One-Shot,Down-Slopper,Down-Slopper
217703909,1.0,98.0,8.0,19.0,0.0,0.6000000000000001,18.0,One-Shot,Long-Runner,Long-Runner
210601043,1.0,98.0,3.0,3.0,0.0,-0.625,-0.8421052631578947,One-Shot,Down-Slopper,Down-Slopper
213104581,1.0,98.0,2.0,0.0,0.0,-0.33333333333333337,-1.0,One-Shot,Down-Slopper,Down-Slopper
219300647,1.0,98.0,6.0,6.0,0.0,2.0,inf,One-Shot,Long-Runner,Long-Runner
219200631,1.0,98.0,23.0,24.0,0.0,2.8333333333333335,3.0,One-Shot,Long-Runner,Long-Runner
317032993,1.0,98.0,28.0,27.0,0.0,0.21739130434782616,0.125,One-Shot,Long-Runner,Long-Runner
214401515,1.0,98.0,2.0,2.0,0.0,-0.9285714285714286,-0.9259259259259259,One-Shot,Down-Slopper,Down-Slopper
212105407,1.0,98.0,2.0,1.0,0.0,0.0,-0.5,One-Shot,One-Shot,Down-Slopper
216303230,1.0,98.0,1.0,1.0,0.0,-0.5,0.0,One-Shot,Down-Slopper,One-Shot
213904782,1.0,98.0,20.0,21.0,0.0,19.0,20.0,One-Shot,Long-Runner,Long-Runner
216901918,1.0,98.0,4.0,4.0,0.0,-0.8,-0.8095238095238095,One-Shot,Down-Slopper,Down-Slopper
218301125,1.0,98.0,1.0,1.0,0.0,-0.75,-0.75,One-Shot,Down-Slopper,Down-Slopper
219740115,1.0,98.0,102.0,107.0,0.0,101.0,106.0,One-Shot,Long-Runner,Long-Runner
216901942,1.0,98.0,6.0,6.0,0.0,-0.9411764705882353,-0.9439252336448598,One-Shot,Down-Slopper,Down-Slopper
216404764,1.0,98.0,2.0,2.0,0.0,-0.6666666666666667,-0.6666666666666667,One-Shot,Down-Slopper,Down-Slopper
216404772,1.0,98.0,2.0,2.0,0.0,0.0,0.0,One-Shot,One-Shot,One-Shot
244200770,1.0,98.0,6.0,12.0,0.0,2.0,5.0,One-Shot,Long-Runner,Long-Runner
211703335,1.0,98.0,1.0,1.0,0.0,-0.8333333333333334,-0.9166666666666666,One-Shot,Down-Slopper,Down-Slopper
217805514,1.0,98.0,5.0,9.0,0.0,4.0,8.0,One-Shot,Long-Runner,Long-Runner
213502776,1.0,98.0,4.0,4.0,0.0,-0.19999999999999996,-0.5555555555555556,One-Shot,Down-Slopper,Down-Slopper
214401689,1.0,98.0,2.0,2.0,0.0,-0.5,-0.5,One-Shot,Down-Slopper,Down-Slopper
218804219,1.0,98.0,2.0,2.0,0.0,0.0,0.0,One-Shot,One-Shot,One-Shot
211703517,1.0,98.0,1.0,1.0,0.0,-0.5,-0.5,One-Shot,Down-Slopper,Down-Slopper
216902882,1.0,98.0,2.0,2.0,0.0,1.0,1.0,One-Shot,Long-Runner,Long-Runner
213304330,1.0,98.0,1.0,4.0,0.0,-0.5,1.0,One-Shot,Down-Slopper,Long-Runner
214401762,1.0,98.0,2.0,2.0,0.0,1.0,-0.5,One-Shot,Long-Runner,Down-Slopper
219400678,1.0,98.0,3.0,3.0,0.0,0.5,0.5,One-Shot,Long-Runner,Long-Runner
217104454,1.0,98.0,4.0,3.0,0.0,0.33333333333333326,0.0,One-Shot,Long-Runner,One-Shot
213804214,1.0,98.0,27.0,45.0,0.0,5.75,14.0,One-Shot,Long-Runner,Long-Runner
214401838,1.0,98.0,1.0,1.0,0.0,-0.962962962962963,-0.9777777777777777,One-Shot,Down-Slopper,Down-Slopper
214401846,1.0,98.0,13.0,22.0,0.0,12.0,21.0,One-Shot,Long-Runner,Long-Runner
211703806,1.0,98.0,1.0,1.0,0.0,-0.9230769230769231,-0.9545454545454546,One-Shot,Down-Slopper,Down-Slopper
214002792,1.0,98.0,45.0,45.0,0.0,44.0,44.0,One-Shot,Long-Runner,Long-Runner
214002818,1.0,98.0,3.0,4.0,0.0,-0.9333333333333333,-0.9111111111111111,One-Shot,Down-Slopper,Down-Slopper
216902908,1.0,98.0,1.0,1.0,0.0,-0.6666666666666667,-0.75,One-Shot,Down-Slopper,Down-Slopper
215602392,1.0,98.0,3.0,3.0,0.0,2.0,2.0,One-Shot,Long-Runner,Long-Runner
217605526,1.0,98.0,1.0,1.0,0.0,-0.6666666666666667,-0.6666666666666667,One-Shot,Down-Slopper,Down-Slopper
213502941,1.0,98.0,1.0,1.0,0.0,0.0,0.0,One-Shot,One-Shot,One-Shot
528139876,1.0,98.0,4.0,4.0,0.0,3.0,3.0,One-Shot,Long-Runner,Long-Runner
217704451,1.0,98.0,4.0,4.0,0.0,0.0,0.0,One-Shot,One-Shot,One-Shot
219200714,1.0,98.0,2.0,4.0,0.0,-0.5,0.0,One-Shot,Down-Slopper,One-Shot
250400710,1.0,98.0,1.0,0.0,0.0,-0.5,-1.0,One-Shot,Down-Slopper,Down-Slopper
250700358,1.0,98.0,2.0,0.0,0.0,1.0,,One-Shot,Long-Runner,Not Available
241800549,1.0,98.0,1.0,1.0,0.0,-0.5,inf,One-Shot,Down-Slopper,Long-Runner
252401476,1.0,98.0,1.0,1.0,0.0,0.0,0.0,One-Shot,One-Shot,One-Shot
251001889,1.0,98.0,1.0,1.0,0.0,0.0,0.0,One-Shot,One-Shot,One-Shot
200045938,1.0,98.0,1.0,1.0,0.0,0.0,0.0,One-Shot,One-Shot,One-Shot
200031987,1.0,98.0,1.0,1.0,0.0,0.0,0.0,One-Shot,One-Shot,One-Shot
200041309,1.0,98.0,1.0,1.0,0.0,0.0,0.0,One-Shot,One-Shot,One-Shot
281700252,1.0,98.0,2.0,0.0,0.0,1.0,-1.0,One-Shot,Long-Runner,Down-Slopper
281000018,1.0,98.0,1.0,1.0,0.0,-0.5,inf,One-Shot,Down-Slopper,Long-Runner
283000016,1.0,98.0,3.0,3.0,0.0,2.0,2.0,One-Shot,Long-Runner,Long-Runner
283300028,1.0,98.0,1.0,1.0,0.0,-0.6666666666666667,-0.6666666666666667,One-Shot,Down-Slopper,Down-Slopper
283900017,1.0,98.0,1.0,1.0,0.0,0.0,0.0,One-Shot,One-Shot,One-Shot
284400017,1.0,98.0,4.0,4.0,0.0,3.0,3.0,One-Shot,Long-Runner,Long-Runner
284900016,1.0,98.0,2.0,0.0,0.0,-0.5,-1.0,One-Shot,Down-Slopper,Down-Slopper
285800017,1.0,98.0,2.0,2.0,0.0,0.0,inf,One-Shot,One-Shot,Long-Runner
286700174,1.0,98.0,3.0,1.0,0.0,0.5,-0.5,One-Shot,Long-Runner,Down-Slopper
287200265,1.0,98.0,1.0,1.0,0.0,-0.6666666666666667,0.0,One-Shot,Down-Slopper,One-Shot
288100019,1.0,98.0,3.0,3.0,0.0,2.0,2.0,One-Shot,Long-Runner,Long-Runner
289500795,1.0,98.0,1.0,1.0,0.0,-0.6666666666666667,-0.6666666666666667,One-Shot,Down-Slopper,Down-Slopper
287100010,1.0,98.0,2.0,3.0,0.0,1.0,2.0,One-Shot,Long-Runner,Long-Runner
227700010,1.0,98.0,1.0,1.0,0.0,-0.5,-0.6666666666666667,One-Shot,Down-Slopper,Down-Slopper
314655788,1.0,98.0,3.0,0.0,0.0,2.0,-1.0,One-Shot,Long-Runner,Down-Slopper
489418111,1.0,98.0,3.0,3.0,0.0,0.0,inf,One-Shot,One-Shot,Long-Runner
314684960,1.0,98.0,4.0,4.0,0.0,0.33333333333333326,0.33333333333333326,One-Shot,Long-Runner,Long-Runner
215602434,1.0,98.0,2.0,2.0,0.0,-0.5,-0.5,One-Shot,Down-Slopper,Down-Slopper
213403017,1.0,98.0,27.0,28.0,0.0,12.5,13.0,One-Shot,Long-Runner,Long-Runner
325793826,1.0,98.0,1.0,1.0,0.0,-0.962962962962963,-0.9642857142857143,One-Shot,Down-Slopper,Down-Slopper
256204033,1.0,98.0,1.0,0.0,0.0,0.0,-1.0,One-Shot,One-Shot,Down-Slopper
318163094,1.0,98.0,1.0,1.0,0.0,0.0,inf,One-Shot,One-Shot,Long-Runner
925620262,1.0,98.0,3.0,3.0,0.0,2.0,2.0,One-Shot,Long-Runner,Long-Runner
200049922,1.0,98.0,2.0,0.0,0.0,-0.33333333333333337,-1.0,One-Shot,Down-Slopper,Down-Slopper
250601879,1.0,98.0,46.0,10.0,0.0,22.0,inf,One-Shot,Long-Runner,Long-Runner
200076545,1.0,98.0,1.0,1.0,0.0,-0.9782608695652174,-0.9,One-Shot,Down-Slopper,Down-Slopper
254200546,1.0,98.0,1.0,0.0,0.0,0.0,-1.0,One-Shot,One-Shot,Down-Slopper
213503287,1.0,98.0,26.0,34.0,0.0,25.0,inf,One-Shot,Long-Runner,Long-Runner
250602026,1.0,98.0,4.0,4.0,0.0,-0.8461538461538461,-0.8823529411764706,One-Shot,Down-Slopper,Down-Slopper
200031268,1.0,98.0,2.0,2.0,0.0,-0.5,-0.5,One-Shot,Down-Slopper,Down-Slopper
251602660,1.0,98.0,1.0,1.0,0.0,-0.5,-0.5,One-Shot,Down-Slopper,Down-Slopper
257603894,1.0,98.0,1.0,1.0,0.0,0.0,0.0,One-Shot,One-Shot,One-Shot
200000586,1.0,98.0,1.0,1.0,0.0,0.0,0.0,One-Shot,One-Shot,One-Shot
251200861,1.0,98.0,3.0,66.0,0.0,2.0,65.0,One-Shot,Long-Runner,Long-Runner
253306617,1.0,98.0,1.0,0.0,0.0,-0.6666666666666667,-1.0,One-Shot,Down-Slopper,Down-Slopper
254178056,1.0,98.0,5.0,5.0,0.0,4.0,inf,One-Shot,Long-Runner,Long-Runner
200052587,1.0,98.0,2.0,0.0,0.0,-0.6,-1.0,One-Shot,Down-Slopper,Down-Slopper
200033702,1.0,98.0,87.0,3.0,0.0,42.5,inf,One-Shot,Long-Runner,Long-Runner
259102457,1.0,98.0,1.0,1.0,0.0,-0.9885057471264368,-0.6666666666666667,One-Shot,Down-Slopper,Down-Slopper
256300120,1.0,98.0,2.0,4.0,0.0,1.0,3.0,One-Shot,Long-Runner,Long-Runner
200026615,1.0,98.0,1.0,1.0,0.0,-0.5,-0.75,One-Shot,Down-Slopper,Down-Slopper
253800825,1.0,98.0,46.0,71.0,0.0,45.0,70.0,One-Shot,Long-Runner,Long-Runner
200006039,1.0,98.0,1.0,1.0,0.0,-0.9782608695652174,-0.9859154929577465,One-Shot,Down-Slopper,Down-Slopper
200024883,1.0,98.0,10.0,17.0,0.0,9.0,16.0,One-Shot,Long-Runner,Long-Runner
200046639,1.0,98.0,1.0,1.0,0.0,-0.9,-0.9411764705882353,One-Shot,Down-Slopper,Down-Slopper
200016632,1.0,98.0,1.0,1.0,0.0,0.0,0.0,One-Shot,One-Shot,One-Shot
200081263,1.0,98.0,4.0,3.0,0.0,3.0,2.0,One-Shot,Long-Runner,Long-Runner
520286873,1.0,98.0,1.0,1.0,0.0,-0.75,-0.6666666666666667,One-Shot,Down-Slopper,Down-Slopper
210206959,1.0,98.0,33.0,49.0,0.0,32.0,48.0,One-Shot,Long-Runner,Long-Runner
945551018,1.0,98.0,1.0,1.0,0.0,-0.9696969696969697,-0.9795918367346939,One-Shot,Down-Slopper,Down-Slopper
251702320,1.0,98.0,3.0,2.0,0.0,2.0,1.0,One-Shot,Long-Runner,Long-Runner
216405274,1.0,98.0,2.0,2.0,0.0,-0.33333333333333337,0.0,One-Shot,Down-Slopper,One-Shot
211603741,1.0,98.0,2.0,2.0,0.0,0.0,0.0,One-Shot,One-Shot,One-Shot
219400710,1.0,98.0,7.0,6.0,0.0,2.5,2.0,One-Shot,Long-Runner,Long-Runner
200009884,1.0,98.0,12.0,12.0,0.0,0.7142857142857142,1.0,One-Shot,Long-Runner,Long-Runner
257102582,1.0,98.0,1.0,1.0,0.0,-0.9166666666666666,-0.9166666666666666,One-Shot,Down-Slopper,Down-Slopper
200042489,1.0,98.0,1.0,1.0,0.0,0.0,0.0,One-Shot,One-Shot,One-Shot
258302744,1.0,98.0,2.0,1.0,0.0,1.0,0.0,One-Shot,Long-Runner,One-Shot
250700267,1.0,98.0,2.0,2.0,0.0,0.0,1.0,One-Shot,One-Shot,Long-Runner
256401605,1.0,98.0,3.0,4.0,0.0,0.5,1.0,One-Shot,Long-Runner,Long-Runner
256900994,1.0,98.0,20.0,34.0,0.0,5.666666666666667,7.5,One-Shot,Long-Runner,Long-Runner
212106173,1.0,98.0,6.0,3.0,0.0,-0.7,-0.9117647058823529,One-Shot,Down-Slopper,Down-Slopper
213305220,1.0,98.0,8.0,20.0,0.0,0.33333333333333326,5.666666666666667,One-Shot,Long-Runner,Long-Runner
213503311,1.0,98.0,6.0,6.0,0.0,-0.25,-0.7,One-Shot,Down-Slopper,Down-Slopper
200061257,1.0,98.0,1.0,8.0,0.0,-0.8333333333333334,0.33333333333333326,One-Shot,Down-Slopper,Long-Runner
213503345,1.0,98.0,6.0,6.0,0.0,5.0,-0.25,One-Shot,Long-Runner,Down-Slopper
253100986,1.0,98.0,3.0,3.0,0.0,-0.5,-0.5,One-Shot,Down-Slopper,Down-Slopper
217704683,1.0,98.0,2.0,6.0,0.0,-0.33333333333333337,1.0,One-Shot,Down-Slopper,Long-Runner
248300543,1.0,98.0,30.0,59.0,0.0,14.0,8.833333333333334,One-Shot,Long-Runner,Long-Runner
243700754,1.0,98.0,83.0,149.0,0.0,1.7666666666666666,1.5254237288135593,One-Shot,Long-Runner,Long-Runner
380089664,1.0,98.0,1.0,1.0,0.0,-0.9879518072289156,-0.9932885906040269,One-Shot,Down-Slopper,Down-Slopper
552049447,1.0,98.0,15.0,0.0,0.0,14.0,-1.0,One-Shot,Long-Runner,Down-Slopper
243400470,1.0,98.0,1.0,7.0,0.0,-0.9333333333333333,inf,One-Shot,Down-Slopper,Long-Runner
780340360,1.0,98.0,1.0,1.0,0.0,0.0,0.0,One-Shot,One-Shot,One-Shot
214402109,1.0,98.0,0.0,0.0,0.0,-1.0,-1.0,One-Shot,Down-Slopper,Down-Slopper
213805179,1.0,98.0,1.0,1.0,0.0,inf,inf,One-Shot,Long-Runner,Long-Runner
200045979,1.0,98.0,1.0,2.0,0.0,0.0,1.0,One-Shot,One-Shot,Long-Runner
200072064,1.0,98.0,23.0,25.0,0.0,22.0,11.5,One-Shot,Long-Runner,Long-Runner
219106317,1.0,98.0,1.0,1.0,0.0,-0.9565217391304348,-0.96,One-Shot,Down-Slopper,Down-Slopper
216902569,1.0,98.0,6.0,6.0,0.0,5.0,5.0,One-Shot,Long-Runner,Long-Runner
534275698,1.0,98.0,1.0,1.0,0.0,-0.8333333333333334,-0.8333333333333334,One-Shot,Down-Slopper,Down-Slopper
210601597,1.0,98.0,1.0,1.0,0.0,0.0,0.0,One-Shot,One-Shot,One-Shot
210601613,1.0,98.0,2.0,2.0,0.0,1.0,1.0,One-Shot,Long-Runner,Long-Runner
216902668,1.0,98.0,3.0,4.0,0.0,0.5,1.0,One-Shot,Long-Runner,Long-Runner
219400801,1.0,98.0,8.0,32.0,0.0,1.6666666666666665,7.0,One-Shot,Long-Runner,Long-Runner
450655147,1.0,98.0,2.0,2.0,0.0,-0.75,-0.9375,One-Shot,Down-Slopper,Down-Slopper
215906363,1.0,98.0,5.0,5.0,0.0,1.5,1.5,One-Shot,Long-Runner,Long-Runner
228900015,1.0,98.0,0.0,0.0,0.0,-1.0,-1.0,One-Shot,Down-Slopper,Down-Slopper
254002272,1.0,98.0,0.0,5.0,0.0,,inf,One-Shot,Not Available,Long-Runner
775598998,1.0,98.0,0.0,2.0,0.0,,-0.6,One-Shot,Not Available,Down-Slopper
210500039,1.0,98.0,0.0,1.0,0.0,,-0.5,One-Shot,Not Available,Down-Slopper
216400119,1.0,98.0,0.0,3.0,0.0,,2.0,One-Shot,Not Available,Long-Runner
218700102,1.0,98.0,0.0,1.0,0.0,,-0.6666666666666667,One-Shot,Not Available,Down-Slopper
248000531,1.0,98.0,0.0,1.0,0.0,,0.0,One-Shot,Not Available,One-Shot
200063402,1.0,98.0,0.0,8.0,0.0,,7.0,One-Shot,Not Available,Long-Runner
200059061,1.0,98.0,0.0,1.0,0.0,,-0.875,One-Shot,Not Available,Down-Slopper
219500188,1.0,98.0,0.0,43.0,0.0,,42.0,One-Shot,Not Available,Long-Runner
213600067,1.0,98.0,0.0,8.0,0.0,,-0.813953488372093,One-Shot,Not Available,Down-Slopper
210500070,1.0,98.0,0.0,1.0,0.0,,-0.875,One-Shot,Not Available,Down-Slopper
216400663,1.0,98.0,0.0,2.0,0.0,,1.0,One-Shot,Not Available,Long-Runner
210500088,1.0,98.0,0.0,1.0,0.0,,-0.5,One-Shot,Not Available,Down-Slopper
210500096,1.0,98.0,0.0,1.0,0.0,,0.0,One-Shot,Not Available,One-Shot
210500104,1.0,98.0,0.0,1.0,0.0,,0.0,One-Shot,Not Available,One-Shot
200044543,1.0,98.0,0.0,1.0,0.0,,0.0,One-Shot,Not Available,One-Shot
252405147,1.0,98.0,0.0,1.0,0.0,,0.0,One-Shot,Not Available,One-Shot
200077113,1.0,98.0,0.0,1.0,0.0,,0.0,One-Shot,Not Available,One-Shot
218400042,1.0,98.0,0.0,2.0,0.0,,1.0,One-Shot,Not Available,Long-Runner
200043123,1.0,98.0,0.0,1.0,0.0,,-0.5,One-Shot,Not Available,Down-Slopper
216500595,1.0,98.0,0.0,13.0,0.0,,12.0,One-Shot,Not Available,Long-Runner
210500120,1.0,98.0,0.0,1.0,0.0,,-0.9230769230769231,One-Shot,Not Available,Down-Slopper
210400198,1.0,98.0,0.0,1.0,0.0,,0.0,One-Shot,Not Available,One-Shot
214000309,1.0,98.0,0.0,1.0,0.0,,0.0,One-Shot,Not Available,One-Shot
200052702,1.0,98.0,0.0,5.0,0.0,,4.0,One-Shot,Not Available,Long-Runner
214500241,1.0,98.0,0.0,5.0,0.0,,0.0,One-Shot,Not Available,One-Shot
213500168,1.0,98.0,0.0,1.0,0.0,,-0.8,One-Shot,Not Available,Down-Slopper
213300486,1.0,98.0,0.0,3.0,0.0,,2.0,One-Shot,Not Available,Long-Runner
210100434,1.0,98.0,0.0,1.0,0.0,,-0.6666666666666667,One-Shot,Not Available,Down-Slopper
216401208,1.0,98.0,0.0,1.0,0.0,,0.0,One-Shot,Not Available,One-Shot
216401349,1.0,98.0,0.0,2.0,0.0,,1.0,One-Shot,Not Available,Long-Runner
212600589,1.0,98.0,0.0,1.0,0.0,,-0.5,One-Shot,Not Available,Down-Slopper
241800507,1.0,98.0,0.0,1.0,0.0,,0.0,One-Shot,Not Available,One-Shot
210500252,1.0,98.0,0.0,1.0,0.0,,0.0,One-Shot,Not Available,One-Shot
200068997,1.0,98.0,0.0,1.0,0.0,,0.0,One-Shot,Not Available,One-Shot
200070993,1.0,98.0,0.0,7.0,0.0,,6.0,One-Shot,Not Available,Long-Runner
242000354,1.0,98.0,0.0,1.0,0.0,,-0.8571428571428572,One-Shot,Not Available,Down-Slopper
200071785,1.0,98.0,0.0,1.0,0.0,,0.0,One-Shot,Not Available,One-Shot
200072031,1.0,98.0,0.0,1.0,0.0,,0.0,One-Shot,Not Available,One-Shot
243800984,1.0,98.0,0.0,1.0,0.0,,0.0,One-Shot,Not Available,One-Shot
200068757,1.0,98.0,0.0,1.0,0.0,,0.0,One-Shot,Not Available,One-Shot
246200364,1.0,98.0,0.0,2.0,0.0,,1.0,One-Shot,Not Available,Long-Runner
249400078,1.0,98.0,0.0,0.0,0.0,,-1.0,One-Shot,Not Available,Down-Slopper
200067106,1.0,98.0,0.0,3.0,0.0,,inf,One-Shot,Not Available,Long-Runner
200056380,1.0,98.0,0.0,476.0,0.0,,157.66666666666666,One-Shot,Not Available,Long-Runner
200068104,1.0,98.0,0.0,1.0,0.0,,-0.9978991596638656,One-Shot,Not Available,Down-Slopper
248300394,1.0,98.0,0.0,2.0,0.0,,1.0,One-Shot,Not Available,Long-Runner
212200281,1.0,98.0,0.0,1.0,0.0,,-0.5,One-Shot,Not Available,Down-Slopper
218400315,1.0,98.0,0.0,4.0,0.0,,3.0,One-Shot,Not Available,Long-Runner
217801232,1.0,98.0,0.0,6.0,0.0,,0.5,One-Shot,Not Available,Long-Runner
213200900,1.0,98.0,0.0,1.0,0.0,,-0.8333333333333334,One-Shot,Not Available,Down-Slopper
243500659,1.0,98.0,0.0,3.0,0.0,,2.0,One-Shot,Not Available,Long-Runner
246500573,1.0,98.0,0.0,1.0,0.0,,-0.6666666666666667,One-Shot,Not Available,Down-Slopper
200067221,1.0,98.0,0.0,2.0,0.0,,1.0,One-Shot,Not Available,Long-Runner
200072049,1.0,98.0,0.0,1.0,0.0,,-0.5,One-Shot,Not Available,Down-Slopper
249100553,1.0,98.0,0.0,3.0,0.0,,2.0,One-Shot,Not Available,Long-Runner
242900561,1.0,98.0,0.0,18.0,0.0,,5.0,One-Shot,Not Available,Long-Runner
246500482,1.0,98.0,0.0,11.0,0.0,,-0.38888888888888884,One-Shot,Not Available,Down-Slopper
244901013,1.0,98.0,0.0,0.0,0.0,,-1.0,One-Shot,Not Available,Down-Slopper
200072676,1.0,98.0,0.0,1.0,0.0,,inf,One-Shot,Not Available,Long-Runner
244000865,1.0,98.0,0.0,7.0,0.0,,6.0,One-Shot,Not Available,Long-Runner
247300452,1.0,98.0,0.0,6.0,0.0,,-0.1428571428571429,One-Shot,Not Available,Down-Slopper
200068559,1.0,98.0,0.0,1.0,0.0,,-0.8333333333333334,One-Shot,Not Available,Down-Slopper
200071967,1.0,98.0,0.0,1.0,0.0,,0.0,One-Shot,Not Available,One-Shot
244700449,1.0,98.0,0.0,1.0,0.0,,0.0,One-Shot,Not Available,One-Shot
240400440,1.0,98.0,0.0,12.0,0.0,,11.0,One-Shot,Not Available,Long-Runner
246000897,1.0,98.0,0.0,6.0,0.0,,-0.5,One-Shot,Not Available,Down-Slopper
200070787,1.0,98.0,0.0,1.0,0.0,,-0.8333333333333334,One-Shot,Not Available,Down-Slopper
200040491,1.0,98.0,0.0,1.0,0.0,,0.0,One-Shot,Not Available,One-Shot
242101509,1.0,98.0,0.0,1.0,0.0,,0.0,One-Shot,Not Available,One-Shot
200027217,1.0,98.0,0.0,1.0,0.0,,0.0,One-Shot,Not Available,One-Shot
248100158,1.0,98.0,0.0,26.0,0.0,,25.0,One-Shot,Not Available,Long-Runner
200040764,1.0,98.0,0.0,1.0,0.0,,-0.9615384615384616,One-Shot,Not Available,Down-Slopper
248100745,1.0,98.0,0.0,9.0,0.0,,8.0,One-Shot,Not Available,Long-Runner
249100546,1.0,98.0,0.0,3.0,0.0,,-0.6666666666666667,One-Shot,Not Available,Down-Slopper
248300410,1.0,98.0,0.0,1.0,0.0,,-0.6666666666666667,One-Shot,Not Available,Down-Slopper
246900724,1.0,98.0,0.0,1.0,0.0,,0.0,One-Shot,Not Available,One-Shot
247600588,1.0,98.0,0.0,1.0,0.0,,0.0,One-Shot,Not Available,One-Shot
247600620,1.0,98.0,0.0,1.0,0.0,,0.0,One-Shot,Not Available,One-Shot
210500260,1.0,98.0,0.0,1.0,0.0,,0.0,One-Shot,Not Available,One-Shot
210500286,1.0,98.0,0.0,1.0,0.0,,0.0,One-Shot,Not Available,One-Shot
210500294,1.0,98.0,0.0,1.0,0.0,,0.0,One-Shot,Not Available,One-Shot
210500310,1.0,98.0,0.0,1.0,0.0,,0.0,One-Shot,Not Available,One-Shot
210500328,1.0,98.0,0.0,1.0,0.0,,0.0,One-Shot,Not Available,One-Shot
213500598,1.0,98.0,0.0,1.0,0.0,,0.0,One-Shot,Not Available,One-Shot
216900431,1.0,98.0,0.0,1.0,0.0,,0.0,One-Shot,Not Available,One-Shot
200026334,1.0,98.0,0.0,1.0,0.0,,0.0,One-Shot,Not Available,One-Shot
210500385,1.0,98.0,0.0,1.0,0.0,,0.0,One-Shot,Not Available,One-Shot
210500351,1.0,98.0,0.0,1.0,0.0,,0.0,One-Shot,Not Available,One-Shot
212900278,1.0,98.0,0.0,18.0,0.0,,17.0,One-Shot,Not Available,Long-Runner
219200201,1.0,98.0,0.0,1.0,0.0,,-0.9444444444444444,One-Shot,Not Available,Down-Slopper
214200594,1.0,98.0,0.0,7.0,0.0,,6.0,One-Shot,Not Available,Long-Runner
216001446,1.0,98.0,0.0,8.0,0.0,,0.1428571428571428,One-Shot,Not Available,Long-Runner
216301135,1.0,98.0,0.0,24.0,0.0,,2.0,One-Shot,Not Available,Long-Runner
246300701,1.0,98.0,0.0,16.0,0.0,,-0.33333333333333337,One-Shot,Not Available,Down-Slopper
215600420,1.0,98.0,0.0,2.0,0.0,,-0.875,One-Shot,Not Available,Down-Slopper
249730045,1.0,98.0,0.0,75.0,0.0,,36.5,One-Shot,Not Available,Long-Runner
216001586,1.0,98.0,0.0,1.0,0.0,,-0.9866666666666667,One-Shot,Not Available,Down-Slopper
210400628,1.0,98.0,0.0,1.0,0.0,,0.0,One-Shot,Not Available,One-Shot
210500450,1.0,98.0,0.0,1.0,0.0,,0.0,One-Shot,Not Available,One-Shot
210400651,1.0,98.0,0.0,12.0,0.0,,11.0,One-Shot,Not Available,Long-Runner
200059889,1.0,98.0,0.0,21.0,0.0,,0.75,One-Shot,Not Available,Long-Runner
210400669,1.0,98.0,0.0,1.0,0.0,,-0.9523809523809523,One-Shot,Not Available,Down-Slopper
130011224,1.0,98.0,0.0,354.0,0.0,,353.0,One-Shot,Not Available,Long-Runner
217602168,1.0,98.0,0.0,1.0,0.0,,-0.9971751412429378,One-Shot,Not Available,Down-Slopper
210400735,1.0,98.0,0.0,1.0,0.0,,0.0,One-Shot,Not Available,One-Shot
218801603,1.0,98.0,0.0,3.0,0.0,,2.0,One-Shot,Not Available,Long-Runner
217802172,1.0,98.0,0.0,12.0,0.0,,3.0,One-Shot,Not Available,Long-Runner
219502192,1.0,98.0,0.0,1.0,0.0,,-0.9166666666666666,One-Shot,Not Available,Down-Slopper
218300523,1.0,98.0,0.0,1.0,0.0,,0.0,One-Shot,Not Available,One-Shot
216402149,1.0,98.0,0.0,2.0,0.0,,1.0,One-Shot,Not Available,Long-Runner
217602556,1.0,98.0,0.0,3.0,0.0,,0.5,One-Shot,Not Available,Long-Runner
790696009,1.0,98.0,0.0,1.0,0.0,,-0.6666666666666667,One-Shot,Not Available,Down-Slopper
217401199,1.0,98.0,0.0,16.0,0.0,,15.0,One-Shot,Not Available,Long-Runner
200083525,1.0,98.0,0.0,32.0,0.0,,1.0,One-Shot,Not Available,Long-Runner
210500526,1.0,98.0,0.0,1.0,0.0,,-0.96875,One-Shot,Not Available,Down-Slopper
210400867,1.0,98.0,0.0,1.0,0.0,,0.0,One-Shot,Not Available,One-Shot
210400883,1.0,98.0,0.0,0.0,0.0,,-1.0,One-Shot,Not Available,Down-Slopper
210500567,1.0,98.0,0.0,1.0,0.0,,inf,One-Shot,Not Available,Long-Runner
210500575,1.0,98.0,0.0,1.0,0.0,,0.0,One-Shot,Not Available,One-Shot
217604750,1.0,98.0,0.0,2.0,0.0,,1.0,One-Shot,Not Available,Long-Runner
210500583,1.0,98.0,0.0,1.0,0.0,,-0.5,One-Shot,Not Available,Down-Slopper
210500609,1.0,98.0,0.0,1.0,0.0,,0.0,One-Shot,Not Available,One-Shot
210500617,1.0,98.0,0.0,1.0,0.0,,0.0,One-Shot,Not Available,One-Shot
223000019,1.0,98.0,0.0,30.0,0.0,,29.0,One-Shot,Not Available,Long-Runner
214001059,1.0,98.0,0.0,2.0,0.0,,-0.9333333333333333,One-Shot,Not Available,Down-Slopper
200075547,1.0,98.0,0.0,1.0,0.0,,-0.5,One-Shot,Not Available,Down-Slopper
130004658,1.0,98.0,0.0,15.0,0.0,,14.0,One-Shot,Not Available,Long-Runner
200010049,1.0,98.0,0.0,6.0,0.0,,-0.6,One-Shot,Not Available,Down-Slopper
200066793,1.0,98.0,0.0,8.0,0.0,,0.33333333333333326,One-Shot,Not Available,Long-Runner
239710015,1.0,98.0,0.0,3.0,0.0,,-0.625,One-Shot,Not Available,Down-Slopper
216402495,1.0,98.0,0.0,1.0,0.0,,-0.6666666666666667,One-Shot,Not Available,Down-Slopper
212200711,1.0,98.0,0.0,1.0,0.0,,0.0,One-Shot,Not Available,One-Shot
440784353,1.0,98.0,0.0,1.0,0.0,,0.0,One-Shot,Not Available,One-Shot
224300012,1.0,98.0,0.0,2.0,0.0,,1.0,One-Shot,Not Available,Long-Runner
215703067,1.0,98.0,0.0,5.0,0.0,,1.5,One-Shot,Not Available,Long-Runner
215002411,1.0,98.0,0.0,1.0,0.0,,-0.8,One-Shot,Not Available,Down-Slopper
216402651,1.0,98.0,0.0,2.0,0.0,,1.0,One-Shot,Not Available,Long-Runner
215903162,1.0,98.0,0.0,3.0,0.0,,0.5,One-Shot,Not Available,Long-Runner
216402677,1.0,98.0,0.0,1.0,0.0,,-0.6666666666666667,One-Shot,Not Available,Down-Slopper
216402719,1.0,98.0,0.0,1.0,0.0,,0.0,One-Shot,Not Available,One-Shot
215600909,1.0,98.0,0.0,1.0,0.0,,0.0,One-Shot,Not Available,One-Shot
216402776,1.0,98.0,0.0,2.0,0.0,,1.0,One-Shot,Not Available,Long-Runner
210500682,1.0,98.0,0.0,1.0,0.0,,-0.5,One-Shot,Not Available,Down-Slopper
216402859,1.0,98.0,0.0,2.0,0.0,,1.0,One-Shot,Not Available,Long-Runner
313151110,1.0,98.0,0.0,1.0,0.0,,-0.5,One-Shot,Not Available,Down-Slopper
210500062,1.0,98.0,0.0,1.0,0.0,,0.0,One-Shot,Not Available,One-Shot
210500187,1.0,98.0,0.0,1.0,0.0,,0.0,One-Shot,Not Available,One-Shot
210500542,1.0,98.0,0.0,1.0,0.0,,0.0,One-Shot,Not Available,One-Shot
219740081,1.0,98.0,0.0,5.0,0.0,,4.0,One-Shot,Not Available,Long-Runner
210501227,1.0,98.0,0.0,1.0,0.0,,-0.8,One-Shot,Not Available,Down-Slopper
210501235,1.0,98.0,0.0,1.0,0.0,,0.0,One-Shot,Not Available,One-Shot
216402941,1.0,98.0,0.0,3.0,0.0,,2.0,One-Shot,Not Available,Long-Runner
214001380,1.0,98.0,0.0,1.0,0.0,,-0.6666666666666667,One-Shot,Not Available,Down-Slopper
213501406,1.0,98.0,0.0,1.0,0.0,,0.0,One-Shot,Not Available,One-Shot
215903287,1.0,98.0,0.0,12.0,0.0,,11.0,One-Shot,Not Available,Long-Runner
212201107,1.0,98.0,0.0,1.0,0.0,,-0.9166666666666666,One-Shot,Not Available,Down-Slopper
212901136,1.0,98.0,0.0,1.0,0.0,,0.0,One-Shot,Not Available,One-Shot
216403139,1.0,98.0,0.0,3.0,0.0,,2.0,One-Shot,Not Available,Long-Runner
213302300,1.0,98.0,0.0,3.0,0.0,,0.0,One-Shot,Not Available,One-Shot
210500716,1.0,98.0,0.0,1.0,0.0,,-0.6666666666666667,One-Shot,Not Available,Down-Slopper
215601071,1.0,98.0,0.0,1.0,0.0,,0.0,One-Shot,Not Available,One-Shot
216403196,1.0,98.0,0.0,1.0,0.0,,0.0,One-Shot,Not Available,One-Shot
210500724,1.0,98.0,0.0,1.0,0.0,,0.0,One-Shot,Not Available,One-Shot
200033694,1.0,98.0,0.0,1.0,0.0,,0.0,One-Shot,Not Available,One-Shot
210500625,1.0,98.0,0.0,1.0,0.0,,0.0,One-Shot,Not Available,One-Shot
210500955,1.0,98.0,0.0,1.0,0.0,,0.0,One-Shot,Not Available,One-Shot
213601594,1.0,98.0,0.0,26.0,0.0,,25.0,One-Shot,Not Available,Long-Runner
210501631,1.0,98.0,0.0,1.0,0.0,,-0.9615384615384616,One-Shot,Not Available,Down-Slopper
212901235,1.0,98.0,0.0,2.0,0.0,,1.0,One-Shot,Not Available,Long-Runner
210500989,1.0,98.0,0.0,1.0,0.0,,-0.5,One-Shot,Not Available,Down-Slopper
210402202,1.0,98.0,0.0,1.0,0.0,,0.0,One-Shot,Not Available,One-Shot
210501805,1.0,98.0,0.0,1.0,0.0,,0.0,One-Shot,Not Available,One-Shot
219200441,1.0,98.0,0.0,75.0,0.0,,74.0,One-Shot,Not Available,Long-Runner
210401048,1.0,98.0,0.0,12.0,0.0,,-0.84,One-Shot,Not Available,Down-Slopper
218501278,1.0,98.0,0.0,1.0,0.0,,-0.9166666666666666,One-Shot,Not Available,Down-Slopper
200056091,1.0,98.0,0.0,1.0,0.0,,0.0,One-Shot,Not Available,One-Shot
212901417,1.0,98.0,0.0,1.0,0.0,,0.0,One-Shot,Not Available,One-Shot
216403501,1.0,98.0,0.0,1.0,0.0,,0.0,One-Shot,Not Available,One-Shot
214001612,1.0,98.0,0.0,1.0,0.0,,0.0,One-Shot,Not Available,One-Shot
216403626,1.0,98.0,0.0,2.0,0.0,,1.0,One-Shot,Not Available,Long-Runner
213601081,1.0,98.0,0.0,7.0,0.0,,2.5,One-Shot,Not Available,Long-Runner
217201805,1.0,98.0,0.0,1.0,0.0,,-0.8571428571428572,One-Shot,Not Available,Down-Slopper
213401508,1.0,98.0,0.0,5.0,0.0,,4.0,One-Shot,Not Available,Long-Runner
216403683,1.0,98.0,0.0,1.0,0.0,,-0.8,One-Shot,Not Available,Down-Slopper
216403717,1.0,98.0,0.0,2.0,0.0,,1.0,One-Shot,Not Available,Long-Runner
217702851,1.0,98.0,0.0,1.0,0.0,,-0.5,One-Shot,Not Available,Down-Slopper
510651441,1.0,98.0,0.0,2.0,0.0,,1.0,One-Shot,Not Available,Long-Runner
210401618,1.0,98.0,0.0,1.0,0.0,,-0.5,One-Shot,Not Available,Down-Slopper
217702901,1.0,98.0,0.0,1.0,0.0,,0.0,One-Shot,Not Available,One-Shot
225500016,1.0,98.0,0.0,1.0,0.0,,0.0,One-Shot,Not Available,One-Shot
218601581,1.0,98.0,0.0,3.0,0.0,,2.0,One-Shot,Not Available,Long-Runner
210500773,1.0,98.0,0.0,1.0,0.0,,-0.6666666666666667,One-Shot,Not Available,Down-Slopper
216403915,1.0,98.0,0.0,2.0,0.0,,1.0,One-Shot,Not Available,Long-Runner
200081115,1.0,98.0,0.0,1.0,0.0,,-0.5,One-Shot,Not Available,Down-Slopper
814150900,1.0,98.0,0.0,1.0,0.0,,0.0,One-Shot,Not Available,One-Shot
210102620,1.0,98.0,0.0,1.0,0.0,,0.0,One-Shot,Not Available,One-Shot
210500872,1.0,98.0,0.0,1.0,0.0,,0.0,One-Shot,Not Available,One-Shot
210500922,1.0,98.0,0.0,0.0,0.0,,-1.0,One-Shot,Not Available,Down-Slopper
215904285,1.0,98.0,0.0,7.0,0.0,,inf,One-Shot,Not Available,Long-Runner
217804517,1.0,98.0,0.0,8.0,0.0,,0.1428571428571428,One-Shot,Not Available,Long-Runner
213001894,1.0,98.0,0.0,104.0,0.0,,12.0,One-Shot,Not Available,Long-Runner
217901917,1.0,98.0,0.0,35.0,0.0,,-0.6634615384615384,One-Shot,Not Available,Down-Slopper
200041317,1.0,98.0,0.0,4.0,0.0,,-0.8857142857142857,One-Shot,Not Available,Down-Slopper
210401386,1.0,98.0,0.0,0.0,0.0,,-1.0,One-Shot,Not Available,Down-Slopper
225900018,1.0,98.0,0.0,7.0,0.0,,inf,One-Shot,Not Available,Long-Runner
210500963,1.0,98.0,0.0,1.0,0.0,,-0.8571428571428572,One-Shot,Not Available,Down-Slopper
383743317,1.0,98.0,0.0,1.0,0.0,,0.0,One-Shot,Not Available,One-Shot
210500997,1.0,98.0,0.0,1.0,0.0,,0.0,One-Shot,Not Available,One-Shot
216404418,1.0,98.0,0.0,1.0,0.0,,0.0,One-Shot,Not Available,One-Shot
217202290,1.0,98.0,0.0,2.0,0.0,,1.0,One-Shot,Not Available,Long-Runner
226200012,1.0,98.0,0.0,1.0,0.0,,-0.5,One-Shot,Not Available,Down-Slopper
200043321,1.0,98.0,0.0,3.0,0.0,,2.0,One-Shot,Not Available,Long-Runner
200080364,1.0,98.0,0.0,19.0,0.0,,5.333333333333333,One-Shot,Not Available,Long-Runner
210501003,1.0,98.0,0.0,1.0,0.0,,-0.9473684210526316,One-Shot,Not Available,Down-Slopper
211702741,1.0,98.0,0.0,1.0,0.0,,0.0,One-Shot,Not Available,One-Shot
210401501,1.0,98.0,0.0,1.0,0.0,,0.0,One-Shot,Not Available,One-Shot
212901730,1.0,98.0,0.0,2.0,0.0,,1.0,One-Shot,Not Available,Long-Runner
210501045,1.0,98.0,0.0,1.0,0.0,,-0.5,One-Shot,Not Available,Down-Slopper
212002471,1.0,98.0,0.0,16.0,0.0,,15.0,One-Shot,Not Available,Long-Runner
219300613,1.0,98.0,0.0,3.0,0.0,,-0.8125,One-Shot,Not Available,Down-Slopper
210501078,1.0,98.0,0.0,1.0,0.0,,-0.6666666666666667,One-Shot,Not Available,Down-Slopper
210501110,1.0,98.0,0.0,1.0,0.0,,0.0,One-Shot,Not Available,One-Shot
210501086,1.0,98.0,0.0,1.0,0.0,,0.0,One-Shot,Not Available,One-Shot
212202584,1.0,98.0,0.0,1.0,0.0,,0.0,One-Shot,Not Available,One-Shot
212902324,1.0,98.0,0.0,1.0,0.0,,0.0,One-Shot,Not Available,One-Shot
215202979,1.0,98.0,0.0,1.0,0.0,,0.0,One-Shot,Not Available,One-Shot
757200464,1.0,98.0,0.0,1.0,0.0,,0.0,One-Shot,Not Available,One-Shot
783669831,1.0,98.0,0.0,4.0,0.0,,3.0,One-Shot,Not Available,Long-Runner
215104217,1.0,98.0,0.0,2.0,0.0,,-0.5,One-Shot,Not Available,Down-Slopper
210501151,1.0,98.0,0.0,1.0,0.0,,-0.5,One-Shot,Not Available,Down-Slopper
210501169,1.0,98.0,0.0,1.0,0.0,,0.0,One-Shot,Not Available,One-Shot
214001646,1.0,98.0,0.0,1.0,0.0,,0.0,One-Shot,Not Available,One-Shot
410201164,1.0,98.0,0.0,2.0,0.0,,1.0,One-Shot,Not Available,Long-Runner
210501193,1.0,98.0,0.0,1.0,0.0,,-0.5,One-Shot,Not Available,Down-Slopper
210501219,1.0,98.0,0.0,1.0,0.0,,0.0,One-Shot,Not Available,One-Shot
210501243,1.0,98.0,0.0,1.0,0.0,,0.0,One-Shot,Not Available,One-Shot
217805316,1.0,98.0,0.0,10.0,0.0,,9.0,One-Shot,Not Available,Long-Runner
217605401,1.0,98.0,0.0,5.0,0.0,,-0.5,One-Shot,Not Available,Down-Slopper
200023414,1.0,98.0,0.0,65.0,0.0,,12.0,One-Shot,Not Available,Long-Runner
210501276,1.0,98.0,0.0,1.0,0.0,,-0.9846153846153847,One-Shot,Not Available,Down-Slopper
215905225,1.0,98.0,0.0,13.0,0.0,,12.0,One-Shot,Not Available,Long-Runner
210501318,1.0,98.0,0.0,1.0,0.0,,-0.9230769230769231,One-Shot,Not Available,Down-Slopper
217605617,1.0,98.0,0.0,5.0,0.0,,4.0,One-Shot,Not Available,Long-Runner
213502552,1.0,98.0,0.0,1.0,0.0,,-0.8,One-Shot,Not Available,Down-Slopper
213303936,1.0,98.0,0.0,6.0,0.0,,5.0,One-Shot,Not Available,Long-Runner
215602228,1.0,98.0,0.0,1.0,0.0,,-0.8333333333333334,One-Shot,Not Available,Down-Slopper
219105731,1.0,98.0,0.0,3.0,0.0,,2.0,One-Shot,Not Available,Long-Runner
212203244,1.0,98.0,0.0,2.0,0.0,,-0.33333333333333337,One-Shot,Not Available,Down-Slopper
212902647,1.0,98.0,0.0,2.0,0.0,,0.0,One-Shot,Not Available,One-Shot
210501300,1.0,98.0,0.0,1.0,0.0,,-0.5,One-Shot,Not Available,Down-Slopper
240500215,1.0,98.0,0.0,1.0,0.0,,0.0,One-Shot,Not Available,One-Shot
210501342,1.0,98.0,0.0,1.0,0.0,,0.0,One-Shot,Not Available,One-Shot
210501367,1.0,98.0,0.0,1.0,0.0,,0.0,One-Shot,Not Available,One-Shot
214202186,1.0,98.0,0.0,1.0,0.0,,0.0,One-Shot,Not Available,One-Shot
210501409,1.0,98.0,0.0,1.0,0.0,,0.0,One-Shot,Not Available,One-Shot
214502759,1.0,98.0,0.0,1.0,0.0,,0.0,One-Shot,Not Available,One-Shot
213304082,1.0,98.0,0.0,3.0,0.0,,2.0,One-Shot,Not Available,Long-Runner
210501458,1.0,98.0,0.0,1.0,0.0,,-0.6666666666666667,One-Shot,Not Available,Down-Slopper
210501466,1.0,98.0,0.0,1.0,0.0,,0.0,One-Shot,Not Available,One-Shot
210501474,1.0,98.0,0.0,1.0,0.0,,0.0,One-Shot,Not Available,One-Shot
210501482,1.0,98.0,0.0,1.0,0.0,,0.0,One-Shot,Not Available,One-Shot
210501490,1.0,98.0,0.0,1.0,0.0,,0.0,One-Shot,Not Available,One-Shot
213804164,1.0,98.0,0.0,12.0,0.0,,11.0,One-Shot,Not Available,Long-Runner
216404897,1.0,98.0,0.0,2.0,0.0,,-0.8333333333333334,One-Shot,Not Available,Down-Slopper
210501516,1.0,98.0,0.0,1.0,0.0,,-0.5,One-Shot,Not Available,Down-Slopper
210501524,1.0,98.0,0.0,1.0,0.0,,0.0,One-Shot,Not Available,One-Shot
210501532,1.0,98.0,0.0,1.0,0.0,,0.0,One-Shot,Not Available,One-Shot
218804292,1.0,98.0,0.0,1.0,0.0,,0.0,One-Shot,Not Available,One-Shot
210501540,1.0,98.0,0.0,1.0,0.0,,0.0,One-Shot,Not Available,One-Shot
210401956,1.0,98.0,0.0,1.0,0.0,,0.0,One-Shot,Not Available,One-Shot
210501573,1.0,98.0,0.0,1.0,0.0,,0.0,One-Shot,Not Available,One-Shot
210501607,1.0,98.0,0.0,1.0,0.0,,0.0,One-Shot,Not Available,One-Shot
211603592,1.0,98.0,0.0,1.0,0.0,,0.0,One-Shot,Not Available,One-Shot
218401222,1.0,98.0,0.0,2.0,0.0,,1.0,One-Shot,Not Available,Long-Runner
200055614,1.0,98.0,0.0,2.0,0.0,,0.0,One-Shot,Not Available,One-Shot
200093714,1.0,98.0,0.0,1.0,0.0,,-0.5,One-Shot,Not Available,Down-Slopper
200091049,1.0,98.0,0.0,1.0,0.0,,0.0,One-Shot,Not Available,One-Shot
200087476,1.0,98.0,0.0,1.0,0.0,,0.0,One-Shot,Not Available,One-Shot
200087823,1.0,98.0,0.0,2.0,0.0,,1.0,One-Shot,Not Available,Long-Runner
252902655,1.0,98.0,0.0,2.0,0.0,,0.0,One-Shot,Not Available,One-Shot
251101549,1.0,98.0,0.0,1.0,0.0,,-0.5,One-Shot,Not Available,Down-Slopper
200046050,1.0,98.0,0.0,7.0,0.0,,6.0,One-Shot,Not Available,Long-Runner
216405282,1.0,98.0,0.0,1.0,0.0,,-0.8571428571428572,One-Shot,Not Available,Down-Slopper
258600600,1.0,98.0,0.0,1.0,0.0,,0.0,One-Shot,Not Available,One-Shot
216504407,1.0,98.0,0.0,8.0,0.0,,7.0,One-Shot,Not Available,Long-Runner
200069300,1.0,98.0,0.0,3.0,0.0,,-0.625,One-Shot,Not Available,Down-Slopper
214003139,1.0,98.0,0.0,12.0,0.0,,3.0,One-Shot,Not Available,Long-Runner
200067551,1.0,98.0,0.0,10.0,0.0,,-0.16666666666666663,One-Shot,Not Available,Down-Slopper
217402817,1.0,98.0,0.0,1.0,0.0,,-0.9,One-Shot,Not Available,Down-Slopper
790895197,1.0,98.0,0.0,101.0,0.0,,100.0,One-Shot,Not Available,Long-Runner
750177529,1.0,98.0,0.0,3.0,0.0,,-0.9702970297029703,One-Shot,Not Available,Down-Slopper
378493555,1.0,98.0,0.0,2.0,0.0,,-0.33333333333333337,One-Shot,Not Available,Down-Slopper
212203459,1.0,98.0,0.0,2.0,0.0,,0.0,One-Shot,Not Available,One-Shot
200071959,1.0,98.0,0.0,1.0,0.0,,-0.5,One-Shot,Not Available,Down-Slopper
216405399,1.0,98.0,0.0,2.0,0.0,,1.0,One-Shot,Not Available,Long-Runner
216405431,1.0,98.0,0.0,3.0,0.0,,0.5,One-Shot,Not Available,Long-Runner
200066207,1.0,98.0,0.0,1.0,0.0,,-0.6666666666666667,One-Shot,Not Available,Down-Slopper
200058618,1.0,98.0,0.0,1.0,0.0,,0.0,One-Shot,Not Available,One-Shot
200083830,1.0,98.0,0.0,3.0,0.0,,2.0,One-Shot,Not Available,Long-Runner
210402301,1.0,98.0,0.0,2.0,0.0,,-0.33333333333333337,One-Shot,Not Available,Down-Slopper
200064657,1.0,98.0,0.0,1.0,0.0,,-0.5,One-Shot,Not Available,Down-Slopper
210501771,1.0,98.0,0.0,1.0,0.0,,0.0,One-Shot,Not Available,One-Shot
216902593,1.0,98.0,0.0,1.0,0.0,,0.0,One-Shot,Not Available,One-Shot
212603674,1.0,98.0,0.0,1.0,0.0,,0.0,One-Shot,Not Available,One-Shot
212603740,1.0,98.0,0.0,1.0,0.0,,0.0,One-Shot,Not Available,One-Shot
211301171,1.0,98.0,0.0,2.0,0.0,,1.0,One-Shot,Not Available,Long-Runner